schema_name,table_name,ordinal_position,column_name,data_type,character_maximum_length,numeric_precision,numeric_scale,is_nullable,distkey,sortkey,encoding
bis_raw,t_card_printing_status_raw,1,card_no,character varying,65535,,,YES,,,
bis_raw,t_card_printing_status_raw,2,entity_id,character varying,65535,,,YES,,,
bis_raw,t_card_printing_status_raw,3,batch_id,character varying,65535,,,YES,,,
bis_raw,t_card_printing_status_raw,4,user_id,character varying,65535,,,YES,,,
bis_raw,t_card_printing_status_raw,5,state_cd,character varying,65535,,,YES,,,
bis_raw,t_card_printing_status_raw,6,district_cd,character varying,65535,,,YES,,,
bis_raw,t_card_printing_status_raw,7,subdistrict_town,character varying,65535,,,YES,,,
bis_raw,t_card_printing_status_raw,8,village_ward,character varying,65535,,,YES,,,
bis_raw,t_card_printing_status_raw,9,urban_or_rural,character varying,65535,,,YES,,,
bis_raw,t_card_printing_status_raw,10,card_name,character varying,65535,,,YES,,,
bis_raw,t_card_printing_status_raw,11,card_fathername,character varying,65535,,,YES,,,
bis_raw,t_card_printing_status_raw,12,card_relation,character varying,65535,,,YES,,,
bis_raw,t_card_printing_status_raw,13,card_yob,character varying,65535,,,YES,,,
bis_raw,t_card_printing_status_raw,14,card_gender,character varying,65535,,,YES,,,
bis_raw,t_card_printing_status_raw,15,card_address,character varying,65535,,,YES,,,
bis_raw,t_card_printing_status_raw,16,abha_no,character varying,65535,,,YES,,,
bis_raw,t_card_printing_status_raw,17,card_photo,character varying,256,,,YES,,,
bis_raw,t_card_printing_status_raw,18,card_print_status,character varying,65535,,,YES,,,
bis_raw,t_card_printing_status_raw,19,enroll_date,timestamp without time zone,,,,YES,,,
bis_raw,t_card_printing_status_raw,20,approve_date,timestamp without time zone,,,,YES,,,
bis_raw,t_card_printing_status_raw,21,card_gen_date,timestamp without time zone,,,,YES,,,
bis_raw,t_card_printing_status_raw,22,card_print_date,timestamp without time zone,,,,YES,,,
bis_raw,t_card_printing_status_raw,23,card_distribute_date,timestamp without time zone,,,,YES,,,
bis_raw,t_card_printing_status_raw,24,card_deliver_date,timestamp without time zone,,,,YES,,,
bis_raw,t_card_printing_status_raw,25,ben_id,character varying,65535,,,YES,,,
bis_raw,t_card_printing_status_raw,26,aadhar_id,character varying,65535,,,YES,,,
bis_raw,t_card_printing_status_raw,27,family_id,character varying,65535,,,YES,,,
bis_raw,t_card_printing_status_raw,28,age,character varying,65535,,,YES,,,
bis_raw,t_card_printing_status_raw,29,source_type,character varying,65535,,,YES,,,
bis_raw,t_card_printing_status_raw,30,created_by,character varying,65535,,,YES,,,
bis_raw,t_card_printing_status_raw,31,created_dt,timestamp without time zone,,,,YES,,,
bis_raw,t_card_printing_status_raw,32,updated_by,character varying,65535,,,YES,,,
bis_raw,t_card_printing_status_raw,33,updated_dt,timestamp without time zone,,,,YES,,,
bis_raw,t_card_printing_status_raw,34,mobile_number,character varying,65535,,,YES,,,
bis_raw,t_card_printing_status_raw,35,operator_id,character varying,65535,,,YES,,,
bis_raw,t_card_printing_status_raw,36,operator_name,character varying,65535,,,YES,,,
bis_raw,t_card_printing_status_raw,37,operator_contact,character varying,65535,,,YES,,,
bis_raw,t_card_printing_status_raw,38,state_name,character varying,65535,,,YES,,,
bis_raw,t_card_printing_status_raw,39,district_name,character varying,65535,,,YES,,,
bis_raw,t_card_printing_status_raw,40,sub_district_name,character varying,65535,,,YES,,,
bis_raw,t_card_printing_status_raw,41,village_name,character varying,65535,,,YES,,,
dmart_mh,claim_paid_t,1,registration_id,character varying,65535,,,YES,,,
dmart_mh,claim_paid_t,2,case_id,character varying,65535,,,YES,,,
dmart_mh,claim_paid_t,3,member_id,character varying,65535,,,YES,,,
dmart_mh,claim_paid_t,4,family_id,character varying,65535,,,YES,,,
dmart_mh,claim_paid_t,5,patient_name,character varying,65535,,,YES,,,
dmart_mh,claim_paid_t,6,patient_dob,character varying,65535,,,YES,,,
dmart_mh,claim_paid_t,7,patient_state_code,smallint,,16,0,YES,,,
dmart_mh,claim_paid_t,8,patient_district_code,smallint,,16,0,YES,,,
dmart_mh,claim_paid_t,9,patient_district_name,character varying,65535,,,YES,,,
dmart_mh,claim_paid_t,10,patient_state_name,character varying,65535,,,YES,,,
dmart_mh,claim_paid_t,11,gender,character varying,65535,,,YES,,,
dmart_mh,claim_paid_t,12,age,numeric,,18,0,YES,,,
dmart_mh,claim_paid_t,13,policy_code,character varying,65535,,,YES,,,
dmart_mh,claim_paid_t,14,renewal_code,character varying,65535,,,YES,,,
dmart_mh,claim_paid_t,15,category_details,character varying,65535,,,YES,,,
dmart_mh,claim_paid_t,16,speciality_code,character varying,65535,,,YES,,,
dmart_mh,claim_paid_t,17,procedure_details,character varying,65535,,,YES,,,
dmart_mh,claim_paid_t,18,procedure_code,character varying,65535,,,YES,,,
dmart_mh,claim_paid_t,19,case_type,character varying,65535,,,YES,,,
dmart_mh,claim_paid_t,20,status_id_pk,integer,,32,0,YES,,,
dmart_mh,claim_paid_t,21,case_status,character varying,65535,,,YES,,,
dmart_mh,claim_paid_t,22,hospital_code,character varying,65535,,,YES,,,
dmart_mh,claim_paid_t,23,hospital_name,character varying,65535,,,YES,,,
dmart_mh,claim_paid_t,24,hosp_district_name,character varying,65535,,,YES,,,
dmart_mh,claim_paid_t,25,hosp_state_name,character varying,65535,,,YES,,,
dmart_mh,claim_paid_t,26,hospital_state_cd,smallint,,16,0,YES,,,
dmart_mh,claim_paid_t,27,hospital_district_cd,smallint,,16,0,YES,,,
dmart_mh,claim_paid_t,28,hosp_pan_number,character varying,65535,,,YES,,,
dmart_mh,claim_paid_t,29,hospital_type,character varying,65535,,,YES,,,
dmart_mh,claim_paid_t,30,admission_dt,timestamp without time zone,,,,YES,,,
dmart_mh,claim_paid_t,31,preauth_init_date,timestamp without time zone,,,,YES,,,
dmart_mh,claim_paid_t,32,amount_preauth_initiated,numeric,,15,2,YES,,,
dmart_mh,claim_paid_t,33,preauth_approved_date,timestamp without time zone,,,,YES,,,
dmart_mh,claim_paid_t,34,amount_preauth_approved,numeric,,15,2,YES,,,
dmart_mh,claim_paid_t,35,preauth_rejected_date,timestamp without time zone,,,,YES,,,
dmart_mh,claim_paid_t,36,surgery_dt,timestamp without time zone,,,,YES,,,
dmart_mh,claim_paid_t,37,death_dt,timestamp without time zone,,,,YES,,,
dmart_mh,claim_paid_t,38,discharge_dt,timestamp without time zone,,,,YES,,,
dmart_mh,claim_paid_t,39,claim_init_date,timestamp without time zone,,,,YES,,,
dmart_mh,claim_paid_t,40,amount_claim_initiated,numeric,,15,2,YES,,,
dmart_mh,claim_paid_t,41,amount_claim_approved,numeric,,15,2,YES,,,
dmart_mh,claim_paid_t,42,amount_claim_paid,numeric,,15,2,YES,,,
dmart_mh,claim_paid_t,43,claim_rejected_date,timestamp without time zone,,,,YES,,,
dmart_mh,claim_paid_t,44,rf_amount,numeric,,15,2,YES,,,
dmart_mh,claim_paid_t,45,tds_amount,numeric,,15,2,YES,,,
dmart_mh,claim_paid_t,46,utr_no,character varying,50,,,YES,,,
dmart_mh,claim_paid_t,47,payment_paid_dt,timestamp without time zone,,,,YES,,,
dmart_mh,claim_paid_t,48,transaction_amount,numeric,,18,0,YES,,,
dmart_mh,claim_paid_t,49,cpd_approved_date,timestamp without time zone,,,,YES,,,
dmart_mh,claim_paid_t,50,cpd_approved_amount,numeric,,15,2,YES,,,
dmart_mh,claim_paid_t,51,cpd_user,character varying,65535,,,YES,,,
dmart_mh,claim_paid_t,52,aco_approved_date,timestamp without time zone,,,,YES,,,
dmart_mh,claim_paid_t,53,aco_approved_amount,numeric,,15,2,YES,,,
dmart_mh,claim_paid_t,54,aco_user,character varying,65535,,,YES,,,
dmart_mh,claim_paid_t,55,sha_approved_date,timestamp without time zone,,,,YES,,,
dmart_mh,claim_paid_t,56,sha_approved_amount,numeric,,15,2,YES,,,
dmart_mh,claim_paid_t,57,sha_user,character varying,65535,,,YES,,,
dmart_mh,claim_paid_t,58,json_object_perauth,character varying,65535,,,YES,,,
dmart_mh,claim_paid_t,59,json_object_claim,character varying,65535,,,YES,,,
dmart_mh,claim_paid_t,60,json_object_ben,character varying,65535,,,YES,,,
dmart_mh,claim_paid_t,61,last_insert_dt,timestamp without time zone,,,,YES,,,
dmart_mh,claim_paid_t,62,src_account_no,character varying,65535,,,YES,,,
dmart_mh,claim_paid_t,63,src_ifsc_code,character varying,65535,,,YES,,,
dmart_mh,claim_paid_t,64,paid_flag,character varying,65535,,,YES,,,
dmart_mh,claim_paid_t,65,hosp_account_number,character varying,65535,,,YES,,,
dmart_mh,claim_paid_t,66,ben_ifsc_code,character varying,65535,,,YES,,,
dmart_mh,claim_paid_t,67,current_workflow_role,character varying,65535,,,YES,,,
dmart_mh,claim_paid_t,68,current_workflow_user,character varying,65535,,,YES,,,
dmart_mh,claim_paid_t,69,service_request_type,character varying,65535,,,YES,,,
dmart_mh,claim_paid_t,70,m_flag,integer,,32,0,YES,,,
dmart_mh,claim_paid_t,71,careplan_desc,character varying,65535,,,YES,,,
dmart_mh,claim_paid_t,72,discharge_type,character varying,65535,,,YES,,,
dmart_mh,claim_paid_t,73,admission_type,character varying,65535,,,YES,,,
dmart_mh,claim_paid_t,74,claim_approved_date,timestamp without time zone,,,,YES,,,
dmart_mh,claim_paid_t,75,preauth_tat,bigint,,64,0,YES,,,
dmart_mh,claim_paid_t,76,claim_tat,bigint,,64,0,YES,,,
dmart_mh,claim_paid_t,77,payment_tat,bigint,,64,0,YES,,,
dmart_mh,claim_paid_t,78,patient_mobile_number,character varying,50,,,YES,,,
dmart_mp,already_printed_card_no_290626,1,card_no,character varying,65535,,,YES,,,
dmart_mp,card_print_data_madhya_pradesh_01aug2025,1,id_pk,bigint,,64,0,YES,,,
dmart_mp,card_print_data_madhya_pradesh_01aug2025,2,card_no,character varying,65535,,,YES,,,
dmart_mp,card_print_data_madhya_pradesh_01aug2025,3,source_name,character varying,65535,,,YES,,,
dmart_mp,card_print_data_madhya_pradesh_01aug2025,4,kyc_name,character varying,65535,,,YES,,,
dmart_mp,card_print_data_madhya_pradesh_01aug2025,5,source_gender,character varying,65535,,,YES,,,
dmart_mp,card_print_data_madhya_pradesh_01aug2025,6,kyc_gender,character varying,65535,,,YES,,,
dmart_mp,card_print_data_madhya_pradesh_01aug2025,7,source_dob,character varying,65535,,,YES,,,
dmart_mp,card_print_data_madhya_pradesh_01aug2025,8,kyc_dob,character varying,65535,,,YES,,,
dmart_mp,card_print_data_madhya_pradesh_01aug2025,9,family_id,character varying,65535,,,YES,,,
dmart_mp,card_print_data_madhya_pradesh_01aug2025,10,member_id,character varying,65535,,,YES,,,
dmart_mp,card_print_data_madhya_pradesh_01aug2025,11,source_type,character varying,40,,,YES,,,
dmart_mp,card_print_data_madhya_pradesh_01aug2025,12,father_name,character varying,65535,,,YES,,,
dmart_mp,card_print_data_madhya_pradesh_01aug2025,13,state_cd,character varying,65535,,,YES,,,
dmart_mp,card_print_data_madhya_pradesh_01aug2025,14,state_name,character varying,65535,,,YES,,,
dmart_mp,card_print_data_madhya_pradesh_01aug2025,15,dist_cd,character varying,65535,,,YES,,,
dmart_mp,card_print_data_madhya_pradesh_01aug2025,16,dist_name,character varying,65535,,,YES,,,
dmart_mp,card_print_data_madhya_pradesh_01aug2025,17,block_id,character varying,65535,,,YES,,,
dmart_mp,card_print_data_madhya_pradesh_01aug2025,18,block_name,character varying,48,,,YES,,,
dmart_mp,card_print_data_madhya_pradesh_01aug2025,19,village_id,character varying,65535,,,YES,,,
dmart_mp,card_print_data_madhya_pradesh_01aug2025,20,village_name,character varying,48,,,YES,,,
dmart_mp,card_print_data_madhya_pradesh_01aug2025,21,pincode,character varying,65535,,,YES,,,
dmart_mp,card_print_data_madhya_pradesh_01aug2025,22,rural_urban_flag,character varying,65535,,,YES,,,
dmart_mp,card_print_data_madhya_pradesh_01aug2025,23,abha_id,character varying,65535,,,YES,,,
dmart_mp,card_print_data_madhya_pradesh_01aug2025,24,ben_ref_id,character varying,65535,,,YES,,,
dmart_mp,card_print_data_madhya_pradesh_01aug2025,25,created_by,character varying,65535,,,YES,,,
dmart_mp,card_print_data_madhya_pradesh_01aug2025,26,created_dt,timestamp without time zone,,,,YES,,,
dmart_mp,card_print_data_madhya_pradesh_01aug2025,27,approve_date,timestamp without time zone,,,,YES,,,
dmart_mp,card_print_data_madhya_pradesh_01aug2025,28,card_status,character varying,65535,,,YES,,,
dmart_mp,card_print_data_madhya_pradesh_01aug2025,29,address,character varying,65535,,,YES,,,
dmart_mp,card_print_data_madhya_pradesh_01aug2025,30,photo,character varying,65535,,,YES,,,
dmart_mp,card_print_data_madhya_pradesh_vvs_29may2025_f,1,id_pk,bigint,,64,0,YES,,,
dmart_mp,card_print_data_madhya_pradesh_vvs_29may2025_f,2,card_no,character varying,65535,,,YES,,,
dmart_mp,card_print_data_madhya_pradesh_vvs_29may2025_f,3,source_name,character varying,65535,,,YES,,,
dmart_mp,card_print_data_madhya_pradesh_vvs_29may2025_f,4,kyc_name,character varying,65535,,,YES,,,
dmart_mp,card_print_data_madhya_pradesh_vvs_29may2025_f,5,source_gender,character varying,65535,,,YES,,,
dmart_mp,card_print_data_madhya_pradesh_vvs_29may2025_f,6,kyc_gender,character varying,65535,,,YES,,,
dmart_mp,card_print_data_madhya_pradesh_vvs_29may2025_f,7,source_dob,character varying,65535,,,YES,,,
dmart_mp,card_print_data_madhya_pradesh_vvs_29may2025_f,8,kyc_dob,character varying,65535,,,YES,,,
dmart_mp,card_print_data_madhya_pradesh_vvs_29may2025_f,9,family_id,character varying,65535,,,YES,,,
dmart_mp,card_print_data_madhya_pradesh_vvs_29may2025_f,10,member_id,character varying,65535,,,YES,,,
dmart_mp,card_print_data_madhya_pradesh_vvs_29may2025_f,11,source_type,character varying,40,,,YES,,,
dmart_mp,card_print_data_madhya_pradesh_vvs_29may2025_f,12,father_name,character varying,65535,,,YES,,,
dmart_mp,card_print_data_madhya_pradesh_vvs_29may2025_f,13,state_cd,character varying,65535,,,YES,,,
dmart_mp,card_print_data_madhya_pradesh_vvs_29may2025_f,14,state_name,character varying,65535,,,YES,,,
dmart_mp,card_print_data_madhya_pradesh_vvs_29may2025_f,15,dist_cd,character varying,65535,,,YES,,,
dmart_mp,card_print_data_madhya_pradesh_vvs_29may2025_f,16,dist_name,character varying,65535,,,YES,,,
dmart_mp,card_print_data_madhya_pradesh_vvs_29may2025_f,17,block_id,character varying,65535,,,YES,,,
dmart_mp,card_print_data_madhya_pradesh_vvs_29may2025_f,18,block_name,character varying,48,,,YES,,,
dmart_mp,card_print_data_madhya_pradesh_vvs_29may2025_f,19,village_id,character varying,65535,,,YES,,,
dmart_mp,card_print_data_madhya_pradesh_vvs_29may2025_f,20,village_name,character varying,1020,,,YES,,,
dmart_mp,card_print_data_madhya_pradesh_vvs_29may2025_f,21,pincode,character varying,65535,,,YES,,,
dmart_mp,card_print_data_madhya_pradesh_vvs_29may2025_f,22,rural_urban_flag,character varying,65535,,,YES,,,
dmart_mp,card_print_data_madhya_pradesh_vvs_29may2025_f,23,abha_id,character varying,65535,,,YES,,,
dmart_mp,card_print_data_madhya_pradesh_vvs_29may2025_f,24,ben_ref_id,character varying,65535,,,YES,,,
dmart_mp,card_print_data_madhya_pradesh_vvs_29may2025_f,25,created_by,character varying,65535,,,YES,,,
dmart_mp,card_print_data_madhya_pradesh_vvs_29may2025_f,26,created_dt,timestamp without time zone,,,,YES,,,
dmart_mp,card_print_data_madhya_pradesh_vvs_29may2025_f,27,approve_date,timestamp without time zone,,,,YES,,,
dmart_mp,card_print_data_madhya_pradesh_vvs_29may2025_f,28,card_status,character varying,65535,,,YES,,,
dmart_mp,card_print_data_madhya_pradesh_vvs_29may2025_f,29,address,character varying,65535,,,YES,,,
dmart_mp,card_print_data_madhya_pradesh_vvs_29may2025_f,30,photo,character varying,65535,,,YES,,,
dmart_mp,card_print_data_temp_t_bis_ekyc_dtl_mp_20260703_with_village_name,1,id_pk,bigint,,64,0,YES,,,
dmart_mp,card_print_data_temp_t_bis_ekyc_dtl_mp_20260703_with_village_name,2,card_no,character varying,65535,,,YES,,,
dmart_mp,card_print_data_temp_t_bis_ekyc_dtl_mp_20260703_with_village_name,3,source_name,character varying,65535,,,YES,,,
dmart_mp,card_print_data_temp_t_bis_ekyc_dtl_mp_20260703_with_village_name,4,kyc_name,character varying,65535,,,YES,,,
dmart_mp,card_print_data_temp_t_bis_ekyc_dtl_mp_20260703_with_village_name,5,source_gender,character varying,65535,,,YES,,,
dmart_mp,card_print_data_temp_t_bis_ekyc_dtl_mp_20260703_with_village_name,6,kyc_gender,character varying,65535,,,YES,,,
dmart_mp,card_print_data_temp_t_bis_ekyc_dtl_mp_20260703_with_village_name,7,source_dob,character varying,65535,,,YES,,,
dmart_mp,card_print_data_temp_t_bis_ekyc_dtl_mp_20260703_with_village_name,8,kyc_dob,character varying,65535,,,YES,,,
dmart_mp,card_print_data_temp_t_bis_ekyc_dtl_mp_20260703_with_village_name,9,family_id,character varying,65535,,,YES,,,
dmart_mp,card_print_data_temp_t_bis_ekyc_dtl_mp_20260703_with_village_name,10,member_id,character varying,65535,,,YES,,,
dmart_mp,card_print_data_temp_t_bis_ekyc_dtl_mp_20260703_with_village_name,11,source_type,character varying,65535,,,YES,,,
dmart_mp,card_print_data_temp_t_bis_ekyc_dtl_mp_20260703_with_village_name,12,ben_mobile_no,character varying,65535,,,YES,,,
dmart_mp,card_print_data_temp_t_bis_ekyc_dtl_mp_20260703_with_village_name,13,father_name,character varying,65535,,,YES,,,
dmart_mp,card_print_data_temp_t_bis_ekyc_dtl_mp_20260703_with_village_name,14,state_cd,character varying,65535,,,YES,,,
dmart_mp,card_print_data_temp_t_bis_ekyc_dtl_mp_20260703_with_village_name,15,state_name,character varying,65535,,,YES,,,
dmart_mp,card_print_data_temp_t_bis_ekyc_dtl_mp_20260703_with_village_name,16,dist_cd,character varying,65535,,,YES,,,
dmart_mp,card_print_data_temp_t_bis_ekyc_dtl_mp_20260703_with_village_name,17,dist_name,character varying,65535,,,YES,,,
dmart_mp,card_print_data_temp_t_bis_ekyc_dtl_mp_20260703_with_village_name,18,block_id,character varying,65535,,,YES,,,
dmart_mp,card_print_data_temp_t_bis_ekyc_dtl_mp_20260703_with_village_name,19,block_name,character varying,96,,,YES,,,
dmart_mp,card_print_data_temp_t_bis_ekyc_dtl_mp_20260703_with_village_name,20,village_id,character varying,65535,,,YES,,,
dmart_mp,card_print_data_temp_t_bis_ekyc_dtl_mp_20260703_with_village_name,21,village_name,character varying,96,,,YES,,,
dmart_mp,card_print_data_temp_t_bis_ekyc_dtl_mp_20260703_with_village_name,22,pincode,character varying,65535,,,YES,,,
dmart_mp,card_print_data_temp_t_bis_ekyc_dtl_mp_20260703_with_village_name,23,rural_urban_flag,character varying,65535,,,YES,,,
dmart_mp,card_print_data_temp_t_bis_ekyc_dtl_mp_20260703_with_village_name,24,abha_id,character varying,65535,,,YES,,,
dmart_mp,card_print_data_temp_t_bis_ekyc_dtl_mp_20260703_with_village_name,25,ben_ref_id,character varying,65535,,,YES,,,
dmart_mp,card_print_data_temp_t_bis_ekyc_dtl_mp_20260703_with_village_name,26,created_by,character varying,65535,,,YES,,,
dmart_mp,card_print_data_temp_t_bis_ekyc_dtl_mp_20260703_with_village_name,27,created_dt,timestamp without time zone,,,,YES,,,
dmart_mp,card_print_data_temp_t_bis_ekyc_dtl_mp_20260703_with_village_name,28,approve_date,timestamp without time zone,,,,YES,,,
dmart_mp,card_print_data_temp_t_bis_ekyc_dtl_mp_20260703_with_village_name,29,card_status,character varying,65535,,,YES,,,
dmart_mp,card_print_data_temp_t_bis_ekyc_dtl_mp_20260703_with_village_name,30,address,character varying,65535,,,YES,,,
dmart_mp,card_print_data_temp_t_bis_ekyc_dtl_mp_20260703_with_village_name,31,photo,character varying,65535,,,YES,,,
dmart_mp,claim_paid_t,1,registration_id,character varying,65535,,,YES,,,
dmart_mp,claim_paid_t,2,case_id,character varying,65535,,,YES,,,
dmart_mp,claim_paid_t,3,member_id,character varying,65535,,,YES,,,
dmart_mp,claim_paid_t,4,family_id,character varying,65535,,,YES,,,
dmart_mp,claim_paid_t,5,patient_name,character varying,65535,,,YES,,,
dmart_mp,claim_paid_t,6,patient_dob,character varying,65535,,,YES,,,
dmart_mp,claim_paid_t,7,patient_state_code,smallint,,16,0,YES,,,
dmart_mp,claim_paid_t,8,patient_district_code,smallint,,16,0,YES,,,
dmart_mp,claim_paid_t,9,patient_district_name,character varying,65535,,,YES,,,
dmart_mp,claim_paid_t,10,patient_state_name,character varying,65535,,,YES,,,
dmart_mp,claim_paid_t,11,gender,character varying,65535,,,YES,,,
dmart_mp,claim_paid_t,12,age,numeric,,18,0,YES,,,
dmart_mp,claim_paid_t,13,policy_code,character varying,65535,,,YES,,,
dmart_mp,claim_paid_t,14,renewal_code,character varying,65535,,,YES,,,
dmart_mp,claim_paid_t,15,category_details,character varying,65535,,,YES,,,
dmart_mp,claim_paid_t,16,speciality_code,character varying,65535,,,YES,,,
dmart_mp,claim_paid_t,17,procedure_details,character varying,65535,,,YES,,,
dmart_mp,claim_paid_t,18,procedure_code,character varying,65535,,,YES,,,
dmart_mp,claim_paid_t,19,case_type,character varying,65535,,,YES,,,
dmart_mp,claim_paid_t,20,status_id_pk,integer,,32,0,YES,,,
dmart_mp,claim_paid_t,21,case_status,character varying,65535,,,YES,,,
dmart_mp,claim_paid_t,22,hospital_code,character varying,65535,,,YES,,,
dmart_mp,claim_paid_t,23,hospital_name,character varying,65535,,,YES,,,
dmart_mp,claim_paid_t,24,hosp_district_name,character varying,65535,,,YES,,,
dmart_mp,claim_paid_t,25,hosp_state_name,character varying,65535,,,YES,,,
dmart_mp,claim_paid_t,26,hospital_state_cd,smallint,,16,0,YES,,,
dmart_mp,claim_paid_t,27,hospital_district_cd,smallint,,16,0,YES,,,
dmart_mp,claim_paid_t,28,hosp_pan_number,character varying,65535,,,YES,,,
dmart_mp,claim_paid_t,29,hospital_type,character varying,65535,,,YES,,,
dmart_mp,claim_paid_t,30,admission_dt,timestamp without time zone,,,,YES,,,
dmart_mp,claim_paid_t,31,preauth_init_date,timestamp without time zone,,,,YES,,,
dmart_mp,claim_paid_t,32,amount_preauth_initiated,numeric,,15,2,YES,,,
dmart_mp,claim_paid_t,33,preauth_approved_date,timestamp without time zone,,,,YES,,,
dmart_mp,claim_paid_t,34,amount_preauth_approved,numeric,,15,2,YES,,,
dmart_mp,claim_paid_t,35,preauth_rejected_date,timestamp without time zone,,,,YES,,,
dmart_mp,claim_paid_t,36,surgery_dt,timestamp without time zone,,,,YES,,,
dmart_mp,claim_paid_t,37,death_dt,timestamp without time zone,,,,YES,,,
dmart_mp,claim_paid_t,38,discharge_dt,timestamp without time zone,,,,YES,,,
dmart_mp,claim_paid_t,39,claim_init_date,timestamp without time zone,,,,YES,,,
dmart_mp,claim_paid_t,40,amount_claim_initiated,numeric,,15,2,YES,,,
dmart_mp,claim_paid_t,41,amount_claim_approved,numeric,,15,2,YES,,,
dmart_mp,claim_paid_t,42,amount_claim_paid,numeric,,15,2,YES,,,
dmart_mp,claim_paid_t,43,claim_rejected_date,timestamp without time zone,,,,YES,,,
dmart_mp,claim_paid_t,44,rf_amount,numeric,,15,2,YES,,,
dmart_mp,claim_paid_t,45,tds_amount,numeric,,15,2,YES,,,
dmart_mp,claim_paid_t,46,utr_no,character varying,50,,,YES,,,
dmart_mp,claim_paid_t,47,payment_paid_dt,timestamp without time zone,,,,YES,,,
dmart_mp,claim_paid_t,48,transaction_amount,numeric,,18,0,YES,,,
dmart_mp,claim_paid_t,49,cpd_approved_date,timestamp without time zone,,,,YES,,,
dmart_mp,claim_paid_t,50,cpd_approved_amount,numeric,,15,2,YES,,,
dmart_mp,claim_paid_t,51,cpd_user,character varying,65535,,,YES,,,
dmart_mp,claim_paid_t,52,aco_approved_date,timestamp without time zone,,,,YES,,,
dmart_mp,claim_paid_t,53,aco_approved_amount,numeric,,15,2,YES,,,
dmart_mp,claim_paid_t,54,aco_user,character varying,65535,,,YES,,,
dmart_mp,claim_paid_t,55,sha_approved_date,timestamp without time zone,,,,YES,,,
dmart_mp,claim_paid_t,56,sha_approved_amount,numeric,,15,2,YES,,,
dmart_mp,claim_paid_t,57,sha_user,character varying,65535,,,YES,,,
dmart_mp,claim_paid_t,58,json_object_perauth,character varying,65535,,,YES,,,
dmart_mp,claim_paid_t,59,json_object_claim,character varying,65535,,,YES,,,
dmart_mp,claim_paid_t,60,json_object_ben,character varying,65535,,,YES,,,
dmart_mp,claim_paid_t,61,last_insert_dt,timestamp without time zone,,,,YES,,,
dmart_mp,claim_paid_t,62,src_account_no,character varying,65535,,,YES,,,
dmart_mp,claim_paid_t,63,src_ifsc_code,character varying,65535,,,YES,,,
dmart_mp,claim_paid_t,64,paid_flag,character varying,65535,,,YES,,,
dmart_mp,claim_paid_t,65,hosp_account_number,character varying,65535,,,YES,,,
dmart_mp,claim_paid_t,66,ben_ifsc_code,character varying,65535,,,YES,,,
dmart_mp,claim_paid_t,67,current_workflow_role,character varying,65535,,,YES,,,
dmart_mp,claim_paid_t,68,current_workflow_user,character varying,65535,,,YES,,,
dmart_mp,claim_paid_t,69,service_request_type,character varying,65535,,,YES,,,
dmart_mp,claim_paid_t,70,m_flag,integer,,32,0,YES,,,
dmart_mp,claim_paid_t,71,careplan_desc,character varying,65535,,,YES,,,
dmart_mp,claim_paid_t,72,discharge_type,character varying,65535,,,YES,,,
dmart_mp,claim_paid_t,73,admission_type,character varying,65535,,,YES,,,
dmart_mp,claim_paid_t,74,claim_approved_date,timestamp without time zone,,,,YES,,,
dmart_mp,claim_paid_t,75,preauth_tat,bigint,,64,0,YES,,,
dmart_mp,claim_paid_t,76,claim_tat,bigint,,64,0,YES,,,
dmart_mp,claim_paid_t,77,payment_tat,bigint,,64,0,YES,,,
dmart_mp,claim_paid_t,78,patient_mobile_number,character varying,50,,,YES,,,
dmart_mp,claim_paid_t_portability,1,registration_id,character varying,65535,,,YES,,,
dmart_mp,claim_paid_t_portability,2,case_id,character varying,65535,,,YES,,,
dmart_mp,claim_paid_t_portability,3,member_id,character varying,65535,,,YES,,,
dmart_mp,claim_paid_t_portability,4,family_id,character varying,65535,,,YES,,,
dmart_mp,claim_paid_t_portability,5,patient_name,character varying,65535,,,YES,,,
dmart_mp,claim_paid_t_portability,6,patient_dob,character varying,65535,,,YES,,,
dmart_mp,claim_paid_t_portability,7,patient_state_code,smallint,,16,0,YES,,,
dmart_mp,claim_paid_t_portability,8,patient_district_code,smallint,,16,0,YES,,,
dmart_mp,claim_paid_t_portability,9,patient_district_name,character varying,65535,,,YES,,,
dmart_mp,claim_paid_t_portability,10,patient_state_name,character varying,65535,,,YES,,,
dmart_mp,claim_paid_t_portability,11,gender,character varying,65535,,,YES,,,
dmart_mp,claim_paid_t_portability,12,age,numeric,,18,0,YES,,,
dmart_mp,claim_paid_t_portability,13,policy_code,character varying,65535,,,YES,,,
dmart_mp,claim_paid_t_portability,14,renewal_code,character varying,65535,,,YES,,,
dmart_mp,claim_paid_t_portability,15,category_details,character varying,65535,,,YES,,,
dmart_mp,claim_paid_t_portability,16,speciality_code,character varying,65535,,,YES,,,
dmart_mp,claim_paid_t_portability,17,procedure_details,character varying,65535,,,YES,,,
dmart_mp,claim_paid_t_portability,18,procedure_code,character varying,65535,,,YES,,,
dmart_mp,claim_paid_t_portability,19,case_type,character varying,65535,,,YES,,,
dmart_mp,claim_paid_t_portability,20,status_id_pk,integer,,32,0,YES,,,
dmart_mp,claim_paid_t_portability,21,case_status,character varying,65535,,,YES,,,
dmart_mp,claim_paid_t_portability,22,hospital_code,character varying,65535,,,YES,,,
dmart_mp,claim_paid_t_portability,23,hospital_name,character varying,65535,,,YES,,,
dmart_mp,claim_paid_t_portability,24,hosp_district_name,character varying,65535,,,YES,,,
dmart_mp,claim_paid_t_portability,25,hosp_state_name,character varying,65535,,,YES,,,
dmart_mp,claim_paid_t_portability,26,hospital_state_cd,smallint,,16,0,YES,,,
dmart_mp,claim_paid_t_portability,27,hospital_district_cd,smallint,,16,0,YES,,,
dmart_mp,claim_paid_t_portability,28,hosp_pan_number,character varying,65535,,,YES,,,
dmart_mp,claim_paid_t_portability,29,hospital_type,character varying,65535,,,YES,,,
dmart_mp,claim_paid_t_portability,30,admission_dt,timestamp without time zone,,,,YES,,,
dmart_mp,claim_paid_t_portability,31,preauth_init_date,timestamp without time zone,,,,YES,,,
dmart_mp,claim_paid_t_portability,32,amount_preauth_initiated,numeric,,15,2,YES,,,
dmart_mp,claim_paid_t_portability,33,preauth_approved_date,timestamp without time zone,,,,YES,,,
dmart_mp,claim_paid_t_portability,34,amount_preauth_approved,numeric,,15,2,YES,,,
dmart_mp,claim_paid_t_portability,35,preauth_rejected_date,timestamp without time zone,,,,YES,,,
dmart_mp,claim_paid_t_portability,36,surgery_dt,timestamp without time zone,,,,YES,,,
dmart_mp,claim_paid_t_portability,37,death_dt,timestamp without time zone,,,,YES,,,
dmart_mp,claim_paid_t_portability,38,discharge_dt,timestamp without time zone,,,,YES,,,
dmart_mp,claim_paid_t_portability,39,claim_init_date,timestamp without time zone,,,,YES,,,
dmart_mp,claim_paid_t_portability,40,amount_claim_initiated,numeric,,15,2,YES,,,
dmart_mp,claim_paid_t_portability,41,amount_claim_approved,numeric,,15,2,YES,,,
dmart_mp,claim_paid_t_portability,42,amount_claim_paid,numeric,,15,2,YES,,,
dmart_mp,claim_paid_t_portability,43,claim_rejected_date,timestamp without time zone,,,,YES,,,
dmart_mp,claim_paid_t_portability,44,rf_amount,numeric,,15,2,YES,,,
dmart_mp,claim_paid_t_portability,45,tds_amount,numeric,,15,2,YES,,,
dmart_mp,claim_paid_t_portability,46,utr_no,character varying,50,,,YES,,,
dmart_mp,claim_paid_t_portability,47,payment_paid_dt,timestamp without time zone,,,,YES,,,
dmart_mp,claim_paid_t_portability,48,transaction_amount,numeric,,18,0,YES,,,
dmart_mp,claim_paid_t_portability,49,cpd_approved_date,timestamp without time zone,,,,YES,,,
dmart_mp,claim_paid_t_portability,50,cpd_approved_amount,numeric,,15,2,YES,,,
dmart_mp,claim_paid_t_portability,51,cpd_user,character varying,65535,,,YES,,,
dmart_mp,claim_paid_t_portability,52,aco_approved_date,timestamp without time zone,,,,YES,,,
dmart_mp,claim_paid_t_portability,53,aco_approved_amount,numeric,,15,2,YES,,,
dmart_mp,claim_paid_t_portability,54,aco_user,character varying,65535,,,YES,,,
dmart_mp,claim_paid_t_portability,55,sha_approved_date,timestamp without time zone,,,,YES,,,
dmart_mp,claim_paid_t_portability,56,sha_approved_amount,numeric,,15,2,YES,,,
dmart_mp,claim_paid_t_portability,57,sha_user,character varying,65535,,,YES,,,
dmart_mp,claim_paid_t_portability,58,json_object_perauth,character varying,65535,,,YES,,,
dmart_mp,claim_paid_t_portability,59,json_object_claim,character varying,65535,,,YES,,,
dmart_mp,claim_paid_t_portability,60,json_object_ben,character varying,65535,,,YES,,,
dmart_mp,claim_paid_t_portability,61,src_account_no,character varying,65535,,,YES,,,
dmart_mp,claim_paid_t_portability,62,src_ifsc_code,character varying,65535,,,YES,,,
dmart_mp,claim_paid_t_portability,63,paid_flag,character varying,65535,,,YES,,,
dmart_mp,claim_paid_t_portability,64,hosp_account_number,character varying,65535,,,YES,,,
dmart_mp,claim_paid_t_portability,65,ben_ifsc_code,character varying,65535,,,YES,,,
dmart_mp,claim_paid_t_portability,66,current_workflow_role,character varying,65535,,,YES,,,
dmart_mp,claim_paid_t_portability,67,current_workflow_user,character varying,65535,,,YES,,,
dmart_mp,claim_paid_t_portability,68,service_request_type,character varying,65535,,,YES,,,
dmart_mp,claim_paid_t_portability,69,m_flag,integer,,32,0,YES,,,
dmart_mp,claim_paid_t_portability,70,careplan_desc,character varying,65535,,,YES,,,
dmart_mp,claim_paid_t_portability,71,discharge_type,character varying,65535,,,YES,,,
dmart_mp,claim_paid_t_portability,72,admission_type,character varying,65535,,,YES,,,
dmart_mp,claim_paid_t_portability,73,claim_approved_date,timestamp without time zone,,,,YES,,,
dmart_mp,claim_paid_t_portability,74,last_insert_dt,timestamp without time zone,,,,YES,,,
dmart_mp,doctor_details_with_registartionandcaseid,1,patient_state_code,smallint,,16,0,YES,,,
dmart_mp,doctor_details_with_registartionandcaseid,2,registration_id,character varying,65535,,,YES,,,
dmart_mp,doctor_details_with_registartionandcaseid,3,case_id,character varying,65535,,,YES,,,
dmart_mp,doctor_details_with_registartionandcaseid,4,docid,character varying,65535,,,YES,,,
dmart_mp,doctor_details_with_registartionandcaseid,5,docregnum,character varying,65535,,,YES,,,
dmart_mp,doctor_details_with_registartionandcaseid,6,docname,character varying,65535,,,YES,,,
dmart_mp,doctor_details_with_registartionandcaseid,7,docqualification,character varying,65535,,,YES,,,
dmart_mp,doctor_details_with_registartionandcaseid,8,doccontactnumber,character varying,65535,,,YES,,,
dmart_mp,doctor_details_with_registartionandcaseid,9,idpk,character varying,256,,,YES,,,
dmart_mp,hospital_master_with_quality_certification,1,hosp_state,smallint,,16,0,YES,,,
dmart_mp,hospital_master_with_quality_certification,2,hosp_dist,smallint,,16,0,YES,,,
dmart_mp,hospital_master_with_quality_certification,3,hospital_type,character varying,400,,,YES,,,
dmart_mp,hospital_master_with_quality_certification,4,hosp_id,integer,,32,0,YES,,,
dmart_mp,hospital_master_with_quality_certification,5,facility_id,character varying,80,,,YES,,,
dmart_mp,hospital_master_with_quality_certification,6,hosp_name,character varying,800,,,YES,,,
dmart_mp,hospital_master_with_quality_certification,7,hosp_request_date,timestamp without time zone,,,,YES,,,
dmart_mp,hospital_master_with_quality_certification,8,hosp_empaneled_date,timestamp without time zone,,,,YES,,,
dmart_mp,hospital_master_with_quality_certification,9,hosp_spec_type,character varying,160,,,YES,,,
dmart_mp,hospital_master_with_quality_certification,10,hosp_spec_desc,character varying,2000,,,YES,,,
dmart_mp,hospital_master_with_quality_certification,11,enrl_status,integer,,32,0,YES,,,
dmart_mp,hospital_master_with_quality_certification,12,active_status,integer,,32,0,YES,,,
dmart_mp,hospital_master_with_quality_certification,13,deempanel_status,integer,,32,0,YES,,,
dmart_mp,hospital_master_with_quality_certification,14,hosp_status,integer,,32,0,YES,,,
dmart_mp,hospital_master_with_quality_certification,15,hosp_status_desc,character varying,2000,,,YES,,,
dmart_mp,hospital_master_with_quality_certification,16,bed_size,integer,,32,0,YES,,,
dmart_mp,hospital_master_with_quality_certification,17,app_status,integer,,32,0,YES,,,
dmart_mp,hospital_master_with_quality_certification,18,accreditation_status,character varying,2000,,,YES,,,
dmart_mp,hospital_master_with_quality_certification,19,accred_id,character varying,800,,,YES,,,
dmart_mp,hospital_master_with_quality_certification,20,quality_certification,character varying,2000,,,YES,,,
dmart_mp,hospital_master_with_quality_certification,21,m_flag,character varying,6,,,YES,,,
dmart_mp,hospital_master_with_quality_certification_final,1,hosp_id,integer,,32,0,YES,,,
dmart_mp,hospital_master_with_quality_certification_final,2,facility_id,character varying,80,,,YES,,,
dmart_mp,hospital_master_with_quality_certification_final,3,hosp_name,character varying,800,,,YES,,,
dmart_mp,hospital_master_with_quality_certification_final,4,hem_speciality,character varying,2000,,,YES,,,
dmart_mp,hospital_master_with_quality_certification_final,5,hosp_state,smallint,,16,0,YES,,,
dmart_mp,hospital_master_with_quality_certification_final,6,state_name,character varying,200,,,YES,,,
dmart_mp,hospital_master_with_quality_certification_final,7,hospital_type,character varying,400,,,YES,,,
dmart_mp,hospital_master_with_quality_certification_final,8,hosp_dist,smallint,,16,0,YES,,,
dmart_mp,hospital_master_with_quality_certification_final,9,hosp_request_date,timestamp without time zone,,,,YES,,,
dmart_mp,hospital_master_with_quality_certification_final,10,hosp_empaneled_date,timestamp without time zone,,,,YES,,,
dmart_mp,hospital_master_with_quality_certification_final,11,hosp_spec_type,character varying,160,,,YES,,,
dmart_mp,hospital_master_with_quality_certification_final,12,enrl_status,integer,,32,0,YES,,,
dmart_mp,hospital_master_with_quality_certification_final,13,active_status,integer,,32,0,YES,,,
dmart_mp,hospital_master_with_quality_certification_final,14,deempanel_status,integer,,32,0,YES,,,
dmart_mp,hospital_master_with_quality_certification_final,15,hosp_status,integer,,32,0,YES,,,
dmart_mp,hospital_master_with_quality_certification_final,16,hosp_status_desc,character varying,2000,,,YES,,,
dmart_mp,hospital_master_with_quality_certification_final,17,bed_size,integer,,32,0,YES,,,
dmart_mp,hospital_master_with_quality_certification_final,18,app_status,integer,,32,0,YES,,,
dmart_mp,hospital_master_with_quality_certification_final,19,accreditation_status,character varying,2000,,,YES,,,
dmart_mp,hospital_master_with_quality_certification_final,20,accred_id,character varying,800,,,YES,,,
dmart_mp,hospital_master_with_quality_certification_final,21,quality_certification,character varying,800,,,YES,,,
dmart_mp,hospital_master_with_quality_certification_final,22,m_flag,character varying,6,,,YES,,,
dmart_mp,hospital_master_with_quality_certification_final,23,hosp_city,character varying,400,,,YES,,,
dmart_mp,hospital_master_with_quality_certification_final,24,hosp_email_id,character varying,400,,,YES,,,
dmart_mp,hospital_master_with_quality_certification_final,25,hosp_mobile_no,bigint,,64,0,YES,,,
dmart_mp,hospital_master_with_quality_certification_final,26,hosp_contact_no,character varying,120,,,YES,,,
dmart_mp,hospital_master_with_quality_certification_final,27,hosp_address,character varying,4000,,,YES,,,
dmart_mp,hospital_master_with_quality_certification_final,28,hosp_pan_number,character varying,200,,,YES,,,
dmart_mp,hospital_master_with_quality_certification_final,29,account_number,character varying,2000,,,YES,,,
dmart_mp,hospital_master_with_quality_certification_final,30,ifsc,character varying,80,,,YES,,,
dmart_mp,hospital_master_with_quality_certification_final,31,hosp_longitude,character varying,80,,,YES,,,
dmart_mp,hospital_master_with_quality_certification_final,32,hosp_latitude,character varying,80,,,YES,,,
dmart_mp,hospital_master_with_quality_certification_final,33,speciality_code,character varying,65535,,,YES,,,
dmart_mp,hospital_master_with_quality_certification_final,34,speciality,character varying,65535,,,YES,,,
dmart_mp,hospital_master_with_quality_certification_final,35,district_name,character varying,200,,,YES,,,
dmart_mp,hospital_master_with_quality_certification_final,36,hospital_subtype,character varying,2000,,,YES,,,
dmart_mp,icd_data_doctor_details,1,registration_id,character varying,65535,,,YES,,,
dmart_mp,icd_data_doctor_details,2,case_id,character varying,65535,,,YES,,,
dmart_mp,icd_data_doctor_details,3,id,bigint,,64,0,YES,,,
dmart_mp,icd_data_doctor_details,4,code,character varying,65535,,,YES,,,
dmart_mp,icd_data_doctor_details,5,display,character varying,65535,,,YES,,,
dmart_mp,icd_data_doctor_details,6,type,character varying,65535,,,YES,,,
dmart_mp,icd_data_doctor_details,7,typedescription,character varying,65535,,,YES,,,
dmart_mp,icd_data_doctor_details,8,idpk,character varying,256,,,YES,,,
dmart_mp,icd_data_doctor_details,9,patient_state_code,smallint,,16,0,YES,,,
dmart_mp,json_data,1,id,bigint,,64,0,YES,,,
dmart_mp,json_data,2,registration_id,integer,,32,0,YES,,,
dmart_mp,json_data,3,jsonb_value,character varying,65535,,,YES,,,
dmart_mp,json_data,4,patientnumber,character varying,65535,,,YES,,,
dmart_mp,json_data,5,householdid,character varying,65535,,,YES,,,
dmart_mp,json_data,6,claimedamount,numeric,,38,20,YES,,,
dmart_mp,json_data,7,totalamount,numeric,,38,20,YES,,,
dmart_mp,json_data,8,approvedamount,numeric,,38,20,YES,,,
dmart_mp,json_data,9,procedurestrat,character varying,65535,,,YES,,,
dmart_mp,json_data,10,procedurestratname,character varying,65535,,,YES,,,
dmart_mp,json_data,11,stratificationcost,numeric,,38,20,YES,,,
dmart_mp,json_data,12,sno,character varying,65535,,,YES,,,
dmart_mp,json_data,13,itemsequence,integer,,32,0,YES,,,
dmart_mp,json_data,14,itemid,character varying,65535,,,YES,,,
dmart_mp,json_data,15,packagecode,character varying,65535,,,YES,,,
dmart_mp,json_data,16,packagetype,character varying,65535,,,YES,,,
dmart_mp,json_data,17,packagecost,numeric,,38,20,YES,,,
dmart_mp,json_data,18,procedurecost,numeric,,38,20,YES,,,
dmart_mp,json_data,19,quantity,numeric,,38,20,YES,,,
dmart_mp,json_data,20,approvedquantity,numeric,,38,20,YES,,,
dmart_mp,json_data,21,percentageguidelines,character varying,65535,,,YES,,,
dmart_mp,json_data,22,hospitalincentives,character varying,65535,,,YES,,,
dmart_mp,json_data,23,incentivecategory,character varying,65535,,,YES,,,
dmart_mp,json_data,24,amount,numeric,,38,20,YES,,,
dmart_mp,json_data,25,netamount,numeric,,38,20,YES,,,
dmart_mp,json_data,26,packagedesc,character varying,65535,,,YES,,,
dmart_mp,json_data,27,status,character varying,65535,,,YES,,,
dmart_mp,json_data,28,actionid,character varying,65535,,,YES,,,
dmart_mp,json_data,29,actionname,character varying,65535,,,YES,,,
dmart_mp,json_data,30,recoveryfunctionalityapplicable,character varying,65535,,,YES,,,
dmart_mp,json_data,31,recoverydetails,character varying,65535,,,YES,,,
dmart_mp,json_data,32,netpayable,numeric,,38,20,YES,,,
dmart_mp,json_data,33,tdsdeduction,numeric,,38,20,YES,,,
dmart_mp,json_data,34,rfdeduction,numeric,,38,20,YES,,,
dmart_mp,json_data,35,gcamount,numeric,,38,20,YES,,,
dmart_mp,json_data,36,gcpayableamount,numeric,,38,20,YES,,,
dmart_mp,json_data,37,gctdsdeduction,numeric,,38,20,YES,,,
dmart_mp,json_data,38,gcrfdeduction,numeric,,38,20,YES,,,
dmart_mp,json_data,39,exempttype,character varying,65535,,,YES,,,
dmart_mp,json_data,40,liabilitycode,character varying,65535,,,YES,,,
dmart_mp,json_data,41,walletcode,character varying,65535,,,YES,,,
dmart_mp,json_data,42,balanceamount,numeric,,38,20,YES,,,
dmart_mp,json_data,43,liability_amount,numeric,,38,20,YES,,,
dmart_mp,json_data,44,liability_approvedamount,numeric,,38,20,YES,,,
dmart_mp,lms_user_course_completion_status,1,userid,bigint,,64,0,YES,,,
dmart_mp,lms_user_course_completion_status,2,username,character varying,400,,,YES,,,
dmart_mp,lms_user_course_completion_status,3,firstname,character varying,400,,,YES,,,
dmart_mp,lms_user_course_completion_status,4,lastname,character varying,400,,,YES,,,
dmart_mp,lms_user_course_completion_status,5,phone2,character varying,80,,,YES,,,
dmart_mp,lms_user_course_completion_status,6,email,character varying,400,,,YES,,,
dmart_mp,lms_user_course_completion_status,7,ab_pmjay_status,character varying,65535,,,YES,,,
dmart_mp,lms_user_course_completion_status,8,ab_pmjay_completed_epoch,bigint,,64,0,YES,,,
dmart_mp,lms_user_course_completion_status,9,ab_pmjay_completed_at_utc,timestamp with time zone,,,,YES,,,
dmart_mp,lms_user_course_completion_status,10,abdm_status,character varying,65535,,,YES,,,
dmart_mp,lms_user_course_completion_status,11,abdm_completed_epoch,bigint,,64,0,YES,,,
dmart_mp,lms_user_course_completion_status,12,abdm_completed_at_utc,timestamp with time zone,,,,YES,,,
dmart_mp,lms_user_course_completion_status,13,parententity,character varying,65535,,,YES,,,
dmart_mp,lms_user_course_completion_status,14,entitytype,character varying,65535,,,YES,,,
dmart_mp,lms_user_course_completion_status,15,selfentity,character varying,65535,,,YES,,,
dmart_mp,lms_user_course_completion_status,16,role,character varying,65535,,,YES,,,
dmart_mp,m_lookup,1,id_pk,integer,,32,0,YES,,,
dmart_mp,m_lookup,2,lookup_cd,character varying,800,,,YES,,,
dmart_mp,m_lookup,3,lookup_value,character varying,2000,,,YES,,,
dmart_mp,m_lookup,4,active_yn,smallint,,16,0,YES,,,
dmart_mp,m_lookup,5,created_by,character varying,160,,,YES,,,
dmart_mp,m_lookup,6,created_dt,timestamp without time zone,,,,YES,,,
dmart_mp,m_lookup,7,updated_by,character varying,160,,,YES,,,
dmart_mp,m_lookup,8,updated_dt,timestamp without time zone,,,,YES,,,
dmart_mp,m_lookup,9,type,character varying,800,,,YES,,,
dmart_mp,m_nafu_safu_source,1,id,integer,,32,0,YES,,,
dmart_mp,m_nafu_safu_source,2,suspicious_id,character varying,65535,,,YES,,,
dmart_mp,m_nafu_safu_source,3,state_code,integer,,32,0,YES,,,
dmart_mp,m_nafu_safu_source,4,pmrssm_id,character varying,65535,,,YES,,,
dmart_mp,m_nafu_safu_source,5,trigger_timestamp,timestamp with time zone,,,,YES,,,
dmart_mp,m_nafu_safu_source,6,status,character varying,65535,,,YES,,,
dmart_mp,m_nafu_safu_source,7,trigger_reason,character varying,65535,,,YES,,,
dmart_mp,m_nafu_safu_source,8,trigger_description,character varying,65535,,,YES,,,
dmart_mp,m_nafu_safu_source,9,suspicious_entity,character varying,65535,,,YES,,,
dmart_mp,m_nafu_safu_source,10,risk_score,integer,,32,0,YES,,,
dmart_mp,m_nafu_safu_source,11,trigger_type,character varying,65535,,,YES,,,
dmart_mp,m_nafu_safu_source,12,file_name,character varying,65535,,,YES,,,
dmart_mp,m_nafu_safu_source,13,status_sent_by_state,character varying,65535,,,YES,,,
dmart_mp,m_nafu_safu_source,14,fraud_not_fraud,character varying,65535,,,YES,,,
dmart_mp,m_nafu_safu_source,15,flag,integer,,32,0,YES,,,
dmart_mp,m_nafu_safu_source,16,api_response_date,timestamp with time zone,,,,YES,,,
dmart_mp,m_nafu_safu_source,17,state_cases_push_date,timestamp with time zone,,,,YES,,,
dmart_mp,m_nafu_safu_source,18,safu_action,character varying,65535,,,YES,,,
dmart_mp,m_nafu_safu_source,19,updated_by,character varying,65535,,,YES,,,
dmart_mp,m_nafu_safu_source,20,updated_dt,timestamp with time zone,,,,YES,,,
dmart_mp,m_source_data,1,id_pk,bigint,,64,0,YES,,,
dmart_mp,m_source_data,2,src_family_id,character varying,65535,,,YES,,,
dmart_mp,m_source_data,3,state_cd,character varying,65535,,,YES,,,
dmart_mp,m_source_data,4,dist_cd,character varying,65535,,,YES,,,
dmart_mp,m_source_data,5,name,character varying,65535,,,YES,,,
dmart_mp,m_source_data,6,age,smallint,,16,0,YES,,,
dmart_mp,m_source_data,7,gender,character varying,65535,,,YES,,,
dmart_mp,m_source_data,8,relation,character varying,65535,,,YES,,,
dmart_mp,m_source_data,9,father_guardian_name,character varying,65535,,,YES,,,
dmart_mp,m_source_data,10,dob,character varying,65535,,,YES,,,
dmart_mp,m_source_data,11,rural_urban_flag,character varying,65535,,,YES,,,
dmart_mp,m_source_data,12,block_or_town,character varying,65535,,,YES,,,
dmart_mp,m_source_data,13,ward_or_village,character varying,65535,,,YES,,,
dmart_mp,m_source_data,14,sub_division,character varying,65535,,,YES,,,
dmart_mp,m_source_data,15,addr1,character varying,65535,,,YES,,,
dmart_mp,m_source_data,16,addr2,character varying,65535,,,YES,,,
dmart_mp,m_source_data,17,mobilenumber,character varying,65535,,,YES,,,
dmart_mp,m_source_data,18,source_type,character varying,65535,,,YES,,,
dmart_mp,m_source_data,19,enrl_status,character varying,65535,,,YES,,,
dmart_mp,m_source_data,20,created_by,character varying,65535,,,YES,,,
dmart_mp,m_source_data,21,created_dt,timestamp without time zone,,,,YES,,,
dmart_mp,m_source_data,22,bis_source,character varying,65535,,,YES,,,
dmart_mp,m_source_data,23,village_ward_lgd_code,character varying,65535,,,YES,,,
dmart_mp,m_source_data,24,mandal_taluka_lgd_code,character varying,65535,,,YES,,,
dmart_mp,m_source_data,25,card_status,character varying,65535,,,YES,,,
dmart_mp,m_source_data,26,bis_member_id,character varying,65535,,,YES,,,
dmart_mp,m_source_data,27,card_no,character varying,65535,,,YES,,,
dmart_mp,m_source_data,28,bis_family_id,character varying,65535,,,YES,,,
dmart_mp,m_source_data,29,src_member_id,character varying,65535,,,YES,,,
dmart_mp,m_source_data,30,state_scheme_family_id,character varying,65535,,,YES,,,
dmart_mp,m_source_data,31,nfsa_card_type,character varying,65535,,,YES,,,
dmart_mp,m_source_data,32,api_yn,character varying,65535,,,YES,,,
dmart_mp,m_source_data,33,updated_by,character varying,65535,,,YES,,,
dmart_mp,m_source_data,34,updated_dt,timestamp without time zone,,,,YES,,,
dmart_mp,m_source_data,35,nfsa_type,character varying,65535,,,YES,,,
dmart_mp,m_source_data,36,scheme,character varying,65535,,,YES,,,
dmart_mp,m_status_bis,1,id_pk,integer,,32,0,YES,,,
dmart_mp,m_status_bis,2,status,smallint,,16,0,YES,,,
dmart_mp,m_status_bis,3,status_descrption,character varying,600,,,YES,,,
dmart_mp,m_status_bis,4,user_role,character varying,80,,,YES,,,
dmart_mp,m_status_bis,5,action,character varying,80,,,YES,,,
dmart_mp,m_status_bis,6,workflow_id,character varying,120,,,YES,,,
dmart_mp,m_status_bis,7,status_name,character varying,600,,,YES,,,
dmart_mp,m_status_bis,8,created_by,character varying,80,,,YES,,,
dmart_mp,m_status_bis,9,created_dt,timestamp without time zone,,,,YES,,,
dmart_mp,m_status_bis,10,updated_by,character varying,80,,,YES,,,
dmart_mp,m_status_bis,11,updated_dt,timestamp without time zone,,,,YES,,,
dmart_mp,m_status_tms,1,id_pk,integer,,32,0,YES,,,
dmart_mp,m_status_tms,2,status_descrption,character varying,65535,,,YES,,,
dmart_mp,m_status_tms,3,status,smallint,,16,0,YES,,,
dmart_mp,m_status_tms,4,created_by,character varying,65535,,,YES,,,
dmart_mp,m_status_tms,5,created_dt,timestamp without time zone,,,,YES,,,
dmart_mp,m_status_tms,6,updated_by,character varying,65535,,,YES,,,
dmart_mp,m_status_tms,7,updated_dt,timestamp without time zone,,,,YES,,,
dmart_mp,m_status_tms,8,user_role,character varying,65535,,,YES,,,
dmart_mp,m_status_tms,9,action,character varying,65535,,,YES,,,
dmart_mp,m_status_tms,10,workflow_id,character varying,65535,,,YES,,,
dmart_mp,m_status_tms,11,status_name,character varying,65535,,,YES,,,
dmart_mp,m_status_tms,12,search_status,smallint,,16,0,YES,,,
dmart_mp,payment_dtls,1,case_id,character varying,65535,,,YES,,,
dmart_mp,payment_dtls,2,payment_type,character varying,65535,,,YES,,,
dmart_mp,payment_dtls,3,bank_name,character varying,65535,,,YES,,,
dmart_mp,payment_dtls,4,payment_unique_id,character varying,65535,,,YES,,,
dmart_mp,payment_dtls,5,careplan_id,character varying,65535,,,YES,,,
dmart_mp,payment_dtls,6,src_account_no,character varying,65535,,,YES,,,
dmart_mp,payment_dtls,7,src_ifsc_code,character varying,65535,,,YES,,,
dmart_mp,payment_dtls,8,transaction_amount,numeric,,18,0,YES,,,
dmart_mp,payment_dtls,9,transaction_dt,timestamp without time zone,,,,YES,,,
dmart_mp,payment_dtls,10,upload_file_name,character varying,65535,,,YES,,,
dmart_mp,payment_dtls,11,paid_flag,character varying,65535,,,YES,,,
dmart_mp,payment_dtls,12,payment_paid_dt,timestamp without time zone,,,,YES,,,
dmart_mp,payment_dtls,13,paid_remarks,character varying,65535,,,YES,,,
dmart_mp,payment_dtls,14,payment_remarks,character varying,65535,,,YES,,,
dmart_mp,payment_dtls,15,state_code,character varying,65535,,,YES,,,
dmart_mp,payment_dtls,16,payer_id,character varying,65535,,,YES,,,
dmart_mp,payment_dtls,17,reject_code,character varying,200,,,YES,,,
dmart_mp,payment_dtls,18,reject_flag,character varying,5,,,YES,,,
dmart_mp,payment_dtls,19,reject_remarks,character varying,3000,,,YES,,,
dmart_mp,payment_dtls,20,payment_reject_dt,timestamp without time zone,,,,YES,,,
dmart_mp,pro_workflow_users_t,1,table_name,character varying,256,,,YES,,,
dmart_mp,pro_workflow_users_t,2,id_pk,integer,,32,0,YES,,,
dmart_mp,pro_workflow_users_t,3,registration_id,character varying,256,,,YES,,,
dmart_mp,pro_workflow_users_t,4,workflow_role,character varying,1000,,,YES,,,
dmart_mp,pro_workflow_users_t,5,status_id,numeric,,18,0,YES,,,
dmart_mp,pro_workflow_users_t,6,status_descrption,character varying,1000,,,YES,,,
dmart_mp,pro_workflow_users_t,7,workflow_process_code,character varying,100,,,YES,,,
dmart_mp,pro_workflow_users_t,8,workflow_user,character varying,1000,,,YES,,,
dmart_mp,pro_workflow_users_t,9,created_dt,timestamp without time zone,,,,YES,,,
dmart_mp,pro_workflow_users_t,10,last_action_dt,timestamp without time zone,,,,YES,,,
dmart_mp,pro_workflow_users_t,11,initiated_amount,numeric,,18,2,YES,,,
dmart_mp,pro_workflow_users_t,12,approved_amount,numeric,,18,2,YES,,,
dmart_mp,pro_workflow_users_t,13,transaction_dt,timestamp without time zone,,,,YES,,,
dmart_mp,pro_workflow_users_t,14,final_level,smallint,,16,0,YES,,,
dmart_mp,pro_workflow_users_t,15,active_flag,smallint,,16,0,YES,,,
dmart_mp,pro_workflow_users_t,16,created_by,character varying,2000,,,YES,,,
dmart_mp,pro_workflow_users_t,17,remarks,character varying,5000,,,YES,,,
dmart_mp,pro_workflow_users_t,18,json_object,character varying,2000,,,YES,,,
dmart_mp,pro_workflow_users_t,19,patient_state_code,smallint,,16,0,YES,,,
dmart_mp,pro_workflow_users_t,20,patient_district_code,smallint,,16,0,YES,,,
dmart_mp,pro_workflow_users_t,21,patient_state_name,character varying,256,,,YES,,,
dmart_mp,pro_workflow_users_t,22,patient_district_name,character varying,5000,,,YES,,,
dmart_mp,pro_workflow_users_t,23,hospital_code,character varying,500,,,YES,,,
dmart_mp,pro_workflow_users_t,24,hospital_name,character varying,256,,,YES,,,
dmart_mp,pro_workflow_users_t,25,hospital_state_cd,smallint,,16,0,YES,,,
dmart_mp,pro_workflow_users_t,26,hospital_district_cd,smallint,,16,0,YES,,,
dmart_mp,pro_workflow_users_t,27,hosp_district_name,character varying,5000,,,YES,,,
dmart_mp,pro_workflow_users_t,28,hosp_state_name,character varying,256,,,YES,,,
dmart_mp,pro_workflow_users_t,29,hospital_type,character varying,5,,,YES,,,
dmart_mp,pro_workflow_users_t,30,mobile_number,bigint,,64,0,YES,,,
dmart_mp,pro_workflow_users_t,31,user_id,character varying,5000,,,YES,,,
dmart_mp,pro_workflow_users_t,32,user_name,character varying,5000,,,YES,,,
dmart_mp,pro_workflow_users_t,33,last_insert_dt,timestamp without time zone,,,,YES,,,
dmart_mp,pro_workflow_users_t,34,m_flag,integer,,32,0,YES,,,
dmart_mp,pro_workflow_users_t,35,dashboard_workflow_role,character varying,256,,,YES,,,
dmart_mp,pro_workflow_users_t,36,pendency_age,character varying,600,,,YES,,,
dmart_mp,pro_workflow_users_t,37,ppd_tat,character varying,600,,,YES,,,
dmart_mp,pro_workflow_users_t,38,overall_tat,character varying,600,,,YES,,,
dmart_mp,pro_workflow_users_t,39,service_request_type,character varying,100,,,YES,,,
dmart_mp,pvtg_by_district_7march_v3,1,familyid,character varying,256,,,YES,,,
dmart_mp,pvtg_by_district_7march_v3,2,memberid,character varying,256,,,YES,,,
dmart_mp,pvtg_by_district_7march_v3,3,name,character varying,256,,,YES,,,
dmart_mp,pvtg_by_district_7march_v3,4,villege_name,character varying,256,,,YES,,,
dmart_mp,pvtg_by_district_7march_v3,5,address,character varying,256,,,YES,,,
dmart_mp,pvtg_by_district_7march_v3,6,card_no,character varying,256,,,YES,,,
dmart_mp,pvtg_by_district_7march_v3,7,creationdate,character varying,256,,,YES,,,
dmart_mp,pvtg_by_district_7march_v3,8,to_be_deleted,character varying,256,,,YES,,,
dmart_mp,pvtg_by_district_7march_v3,9,dlt_reason,character varying,256,,,YES,,,
dmart_mp,pvtg_by_district_7march_v3,10,verification_status,character varying,256,,,YES,,,
dmart_mp,pvtg_by_district_7march_v3,11,sha_final_remark,character varying,256,,,YES,,,
dmart_mp,pvtg_by_district_7march_v3,12,sha_final_action,character varying,256,,,YES,,,
dmart_mp,t_beneficiary_ekyc_dtls_17july2025_old,1,id_pk,bigint,,64,0,YES,,,
dmart_mp,t_beneficiary_ekyc_dtls_17july2025_old,2,family_id,character varying,65535,,,YES,,,
dmart_mp,t_beneficiary_ekyc_dtls_17july2025_old,3,member_id,character varying,65535,,,YES,,,
dmart_mp,t_beneficiary_ekyc_dtls_17july2025_old,4,aadhaar_no,character varying,65535,,,YES,,,
dmart_mp,t_beneficiary_ekyc_dtls_17july2025_old,5,status,character varying,65535,,,YES,,,
dmart_mp,t_beneficiary_ekyc_dtls_17july2025_old,6,name,character varying,65535,,,YES,,,
dmart_mp,t_beneficiary_ekyc_dtls_17july2025_old,7,yearofbirth,character varying,65535,,,YES,,,
dmart_mp,t_beneficiary_ekyc_dtls_17july2025_old,8,gender,character varying,65535,,,YES,,,
dmart_mp,t_beneficiary_ekyc_dtls_17july2025_old,9,photo,character varying,65535,,,YES,,,
dmart_mp,t_beneficiary_ekyc_dtls_17july2025_old,10,fathername,character varying,65535,,,YES,,,
dmart_mp,t_beneficiary_ekyc_dtls_17july2025_old,11,spouse,character varying,65535,,,YES,,,
dmart_mp,t_beneficiary_ekyc_dtls_17july2025_old,12,mothername,character varying,65535,,,YES,,,
dmart_mp,t_beneficiary_ekyc_dtls_17july2025_old,13,addressline1,character varying,65535,,,YES,,,
dmart_mp,t_beneficiary_ekyc_dtls_17july2025_old,14,addressline2,character varying,65535,,,YES,,,
dmart_mp,t_beneficiary_ekyc_dtls_17july2025_old,15,city,character varying,65535,,,YES,,,
dmart_mp,t_beneficiary_ekyc_dtls_17july2025_old,16,district,character varying,65535,,,YES,,,
dmart_mp,t_beneficiary_ekyc_dtls_17july2025_old,17,state,character varying,65535,,,YES,,,
dmart_mp,t_beneficiary_ekyc_dtls_17july2025_old,18,pincode,character varying,65535,,,YES,,,
dmart_mp,t_beneficiary_ekyc_dtls_17july2025_old,19,json_obj_ben_ekyc_dtl,character varying,65535,,,YES,,,
dmart_mp,t_beneficiary_ekyc_dtls_17july2025_old,20,source_type,character varying,40,,,YES,,,
dmart_mp,t_beneficiary_ekyc_dtls_17july2025_old,21,plain_aadhaar,character varying,65535,,,YES,,,
dmart_mp,t_beneficiary_ekyc_dtls_17july2025_old,22,card_no,character varying,65535,,,YES,,,
dmart_mp,t_beneficiary_ekyc_dtls_17july2025_old,23,card_status,character varying,65535,,,YES,,,
dmart_mp,t_beneficiary_ekyc_dtls_17july2025_old,24,mobile_no,character varying,65535,,,YES,,,
dmart_mp,t_beneficiary_ekyc_dtls_17july2025_old,25,district_lgd,character varying,65535,,,YES,,,
dmart_mp,t_bis_beneficiary_disabled,1,state_cd,character varying,65535,,,YES,,,
dmart_mp,t_bis_beneficiary_disabled,2,card_no,character varying,65535,,,YES,,,
dmart_mp,t_bis_beneficiary_disabled,3,aadhaar_no,character varying,65535,,,YES,,,
dmart_mp,t_bis_beneficiary_disabled,4,card_status,character varying,65535,,,YES,,,
dmart_mp,t_bis_beneficiary_disabled,5,family_id,character varying,65535,,,YES,,,
dmart_mp,t_bis_beneficiary_disabled,6,member_id,character varying,65535,,,YES,,,
dmart_mp,t_bis_beneficiary_disabled,7,source_type,character varying,65535,,,YES,,,
dmart_mp,t_bis_beneficiary_disabled,8,name,character varying,65535,,,YES,,,
dmart_mp,t_bis_beneficiary_disabled,9,created_by,character varying,65535,,,YES,,,
dmart_mp,t_bis_beneficiary_disabled,10,created_dt,timestamp without time zone,,,,YES,,,
dmart_mp,t_bis_beneficiary_disabled,11,updated_by,character varying,65535,,,YES,,,
dmart_mp,t_bis_beneficiary_disabled,12,updated_dt,timestamp without time zone,,,,YES,,,
dmart_mp,t_bis_beneficiary_disabled,13,date_of_birth,character varying,65535,,,YES,,,
dmart_mp,t_bis_beneficiary_disabled,14,acted_workflow_user,character varying,400,,,YES,,,
dmart_mp,t_bis_beneficiary_disabled,15,disabled_date,timestamp without time zone,,,,YES,,,
dmart_mp,t_bis_beneficiary_disabled,16,reason_desc,character varying,65535,,,YES,,,
dmart_mp,t_bis_beneficiary_disabled,17,reason_id,character varying,65535,,,YES,,,
dmart_mp,t_bis_beneficiary_disabled_19aug2025,1,state_cd,character varying,65535,,,YES,,,
dmart_mp,t_bis_beneficiary_disabled_19aug2025,2,card_no,character varying,65535,,,YES,,,
dmart_mp,t_bis_beneficiary_disabled_19aug2025,3,card_status,character varying,65535,,,YES,,,
dmart_mp,t_bis_beneficiary_disabled_19aug2025,4,family_id,character varying,65535,,,YES,,,
dmart_mp,t_bis_beneficiary_disabled_19aug2025,5,member_id,character varying,65535,,,YES,,,
dmart_mp,t_bis_beneficiary_disabled_19aug2025,6,source_type,character varying,65535,,,YES,,,
dmart_mp,t_bis_beneficiary_disabled_19aug2025,7,name,character varying,65535,,,YES,,,
dmart_mp,t_bis_beneficiary_disabled_19aug2025,8,created_by,character varying,65535,,,YES,,,
dmart_mp,t_bis_beneficiary_disabled_19aug2025,9,created_dt,timestamp without time zone,,,,YES,,,
dmart_mp,t_bis_beneficiary_disabled_19aug2025,10,updated_by,character varying,65535,,,YES,,,
dmart_mp,t_bis_beneficiary_disabled_19aug2025,11,updated_dt,timestamp without time zone,,,,YES,,,
dmart_mp,t_bis_beneficiary_disabled_19aug2025,12,date_of_birth,character varying,65535,,,YES,,,
dmart_mp,t_bis_beneficiary_disabled_19aug2025,13,acted_workflow_user,character varying,400,,,YES,,,
dmart_mp,t_bis_beneficiary_disabled_19aug2025,14,sha_user,character varying,25,,,YES,,,
dmart_mp,t_bis_beneficiary_disabled_19aug2025,15,user_id,character varying,65535,,,YES,,,
dmart_mp,t_bis_beneficiary_disabled_19aug2025,16,sha_name,character varying,65535,,,YES,,,
dmart_mp,t_bis_beneficiary_disabled_19aug2025,17,email_id,character varying,65535,,,YES,,,
dmart_mp,t_bis_beneficiary_disabled_19aug2025,18,mobile_number,bigint,,64,0,YES,,,
dmart_mp,t_bis_beneficiary_disabled_19aug2025,19,entity_name,character varying,65535,,,YES,,,
dmart_mp,t_bis_beneficiary_disabled_19aug2025,20,role_name,character varying,65535,,,YES,,,
dmart_mp,t_bis_beneficiary_disabled_19aug2025,21,disabled_date,timestamp without time zone,,,,YES,,,
dmart_mp,t_bis_beneficiary_disabled_19aug2025,22,reason_desc,character varying,65535,,,YES,,,
dmart_mp,t_bis_beneficiary_disabled_19aug2025,23,reason_id,character varying,65535,,,YES,,,
dmart_mp,t_bis_beneficiary_dtl_hist,1,id_pk,bigint,,64,0,YES,,,
dmart_mp,t_bis_beneficiary_dtl_hist,2,ben_id,character varying,65535,,,YES,,,
dmart_mp,t_bis_beneficiary_dtl_hist,3,family_id,character varying,65535,,,YES,,,
dmart_mp,t_bis_beneficiary_dtl_hist,4,member_id,character varying,65535,,,YES,,,
dmart_mp,t_bis_beneficiary_dtl_hist,5,bis_family_id,character varying,65535,,,YES,,,
dmart_mp,t_bis_beneficiary_dtl_hist,6,bis_member_id,character varying,65535,,,YES,,,
dmart_mp,t_bis_beneficiary_dtl_hist,7,ben_ref_id,character varying,65535,,,YES,,,
dmart_mp,t_bis_beneficiary_dtl_hist,8,state_cd,character varying,65535,,,YES,,,
dmart_mp,t_bis_beneficiary_dtl_hist,9,dist_cd,character varying,65535,,,YES,,,
dmart_mp,t_bis_beneficiary_dtl_hist,10,block_id,character varying,65535,,,YES,,,
dmart_mp,t_bis_beneficiary_dtl_hist,11,village_id,character varying,65535,,,YES,,,
dmart_mp,t_bis_beneficiary_dtl_hist,12,rural_urban_flag,character varying,65535,,,YES,,,
dmart_mp,t_bis_beneficiary_dtl_hist,13,house_no,character varying,65535,,,YES,,,
dmart_mp,t_bis_beneficiary_dtl_hist,14,pincode,character varying,65535,,,YES,,,
dmart_mp,t_bis_beneficiary_dtl_hist,15,address,character varying,65535,,,YES,,,
dmart_mp,t_bis_beneficiary_dtl_hist,16,dist_name,character varying,65535,,,YES,,,
dmart_mp,t_bis_beneficiary_dtl_hist,17,state_name,character varying,65535,,,YES,,,
dmart_mp,t_bis_beneficiary_dtl_hist,18,ben_mobile_no,character varying,65535,,,YES,,,
dmart_mp,t_bis_beneficiary_dtl_hist,19,ben_email_id,character varying,65535,,,YES,,,
dmart_mp,t_bis_beneficiary_dtl_hist,20,json_obj_ben_source_dtl,character varying,65535,,,YES,,,
dmart_mp,t_bis_beneficiary_dtl_hist,21,json_obj_ben_ekyc_dtl,character varying,65535,,,YES,,,
dmart_mp,t_bis_beneficiary_dtl_hist,22,active_status,smallint,,16,0,YES,,,
dmart_mp,t_bis_beneficiary_dtl_hist,23,enrl_status,character varying,65535,,,YES,,,
dmart_mp,t_bis_beneficiary_dtl_hist,24,created_by,character varying,65535,,,YES,,,
dmart_mp,t_bis_beneficiary_dtl_hist,25,created_dt,timestamp without time zone,,,,YES,,,
dmart_mp,t_bis_beneficiary_dtl_hist,26,updated_by,character varying,65535,,,YES,,,
dmart_mp,t_bis_beneficiary_dtl_hist,27,updated_dt,timestamp without time zone,,,,YES,,,
dmart_mp,t_bis_beneficiary_dtl_hist,28,abha_id,character varying,65535,,,YES,,,
dmart_mp,t_bis_beneficiary_dtl_hist,29,payer_id,bigint,,64,0,YES,,,
dmart_mp,t_bis_beneficiary_dtl_hist,30,tpa_isa_id,bigint,,64,0,YES,,,
dmart_mp,t_bis_beneficiary_dtl_hist,31,json_obj_ben_othr_dtl,character varying,65535,,,YES,,,
dmart_mp,t_bis_beneficiary_dtl_hist,32,src_flag,character varying,65535,,,YES,,,
dmart_mp,t_bis_beneficiary_dtl_hist,33,enrol_status,bigint,,64,0,YES,,,
dmart_mp,t_bis_beneficiary_dtl_hist,34,entity_id,character varying,65535,,,YES,,,
dmart_mp,t_bis_beneficiary_dtl_hist,35,card_no,character varying,65535,,,YES,,,
dmart_mp,t_bis_beneficiary_dtl_hist,36,photo,character varying,65535,,,YES,,,
dmart_mp,t_bis_beneficiary_dtl_hist,37,relation,character varying,65535,,,YES,,,
dmart_mp,t_bis_beneficiary_dtl_hist,38,auth_mode,character varying,65535,,,YES,,,
dmart_mp,t_bis_beneficiary_dtl_hist,39,primary_auth_mode,character varying,65535,,,YES,,,
dmart_mp,t_bis_beneficiary_dtl_hist,40,new_member_flag,character varying,65535,,,YES,,,
dmart_mp,t_bis_beneficiary_dtl_hist,41,gender,character varying,65535,,,YES,,,
dmart_mp,t_bis_beneficiary_dtl_hist,42,year_of_birth,character varying,65535,,,YES,,,
dmart_mp,t_bis_beneficiary_dtl_hist,43,name,character varying,65535,,,YES,,,
dmart_mp,t_bis_beneficiary_dtl_hist,44,father_name,character varying,65535,,,YES,,,
dmart_mp,t_bis_beneficiary_dtl_hist,45,age,character varying,65535,,,YES,,,
dmart_mp,t_bis_beneficiary_dtl_hist,46,primary_ben_id,character varying,65535,,,YES,,,
dmart_mp,t_bis_beneficiary_dtl_hist,47,approve_date,timestamp without time zone,,,,YES,,,
dmart_mp,t_bis_beneficiary_dtl_hist,48,enrol_date,timestamp without time zone,,,,YES,,,
dmart_mp,t_bis_beneficiary_dtl_hist,49,card_status,character varying,65535,,,YES,,,
dmart_mp,t_bis_beneficiary_dtl_hist,50,aadhar_status,character varying,65535,,,YES,,,
dmart_mp,t_bis_beneficiary_dtl_hist,51,reject_date,timestamp without time zone,,,,YES,,,
dmart_mp,t_bis_beneficiary_dtl_hist,52,date_of_birth,character varying,65535,,,YES,,,
dmart_mp,t_bis_beneficiary_dtl_hist,53,scheme_code,character varying,65535,,,YES,,,
dmart_mp,t_bis_beneficiary_dtl_hist,54,request_type,character varying,65535,,,YES,,,
dmart_mp,t_bis_beneficiary_dtl_hist,55,auth_txn,character varying,65535,,,YES,,,
dmart_mp,t_bis_beneficiary_dtl_hist,56,primary_auth_txn,character varying,65535,,,YES,,,
dmart_mp,t_bis_beneficiary_dtl_hist,57,request_agent,character varying,65535,,,YES,,,
dmart_mp,t_bis_beneficiary_dtl_hist,58,match_score,character varying,65535,,,YES,,,
dmart_mp,t_bis_beneficiary_dtl_hist,59,source_type,character varying,65535,,,YES,,,
dmart_mp,t_bis_beneficiary_dtls,1,id_pk,bigint,,64,0,YES,,,
dmart_mp,t_bis_beneficiary_dtls,2,ben_id,character varying,65535,,,YES,,,
dmart_mp,t_bis_beneficiary_dtls,3,family_id,character varying,65535,,,YES,,,
dmart_mp,t_bis_beneficiary_dtls,4,member_id,character varying,65535,,,YES,,,
dmart_mp,t_bis_beneficiary_dtls,5,bis_family_id,character varying,65535,,,YES,,,
dmart_mp,t_bis_beneficiary_dtls,6,bis_member_id,character varying,65535,,,YES,,,
dmart_mp,t_bis_beneficiary_dtls,7,ben_ref_id,character varying,65535,,,YES,,,
dmart_mp,t_bis_beneficiary_dtls,8,state_cd,character varying,65535,,,YES,,,
dmart_mp,t_bis_beneficiary_dtls,9,dist_cd,character varying,65535,,,YES,,,
dmart_mp,t_bis_beneficiary_dtls,10,block_id,character varying,65535,,,YES,,,
dmart_mp,t_bis_beneficiary_dtls,11,village_id,character varying,65535,,,YES,,,
dmart_mp,t_bis_beneficiary_dtls,12,rural_urban_flag,character varying,65535,,,YES,,,
dmart_mp,t_bis_beneficiary_dtls,13,house_no,character varying,65535,,,YES,,,
dmart_mp,t_bis_beneficiary_dtls,14,pincode,character varying,65535,,,YES,,,
dmart_mp,t_bis_beneficiary_dtls,15,address,character varying,65535,,,YES,,,
dmart_mp,t_bis_beneficiary_dtls,16,dist_name,character varying,65535,,,YES,,,
dmart_mp,t_bis_beneficiary_dtls,17,state_name,character varying,65535,,,YES,,,
dmart_mp,t_bis_beneficiary_dtls,18,ben_mobile_no,character varying,65535,,,YES,,,
dmart_mp,t_bis_beneficiary_dtls,19,ben_email_id,character varying,65535,,,YES,,,
dmart_mp,t_bis_beneficiary_dtls,20,json_obj_ben_source_dtl,character varying,65535,,,YES,,,
dmart_mp,t_bis_beneficiary_dtls,21,json_obj_ben_ekyc_dtl,character varying,65535,,,YES,,,
dmart_mp,t_bis_beneficiary_dtls,22,active_status,smallint,,16,0,YES,,,
dmart_mp,t_bis_beneficiary_dtls,23,enrl_status,character varying,65535,,,YES,,,
dmart_mp,t_bis_beneficiary_dtls,24,created_by,character varying,65535,,,YES,,,
dmart_mp,t_bis_beneficiary_dtls,25,created_dt,timestamp without time zone,,,,YES,,,
dmart_mp,t_bis_beneficiary_dtls,26,updated_by,character varying,65535,,,YES,,,
dmart_mp,t_bis_beneficiary_dtls,27,updated_dt,timestamp without time zone,,,,YES,,,
dmart_mp,t_bis_beneficiary_dtls,28,abha_id,character varying,65535,,,YES,,,
dmart_mp,t_bis_beneficiary_dtls,29,payer_id,bigint,,64,0,YES,,,
dmart_mp,t_bis_beneficiary_dtls,30,tpa_isa_id,bigint,,64,0,YES,,,
dmart_mp,t_bis_beneficiary_dtls,31,json_obj_ben_othr_dtl,character varying,65535,,,YES,,,
dmart_mp,t_bis_beneficiary_dtls,32,src_flag,character varying,65535,,,YES,,,
dmart_mp,t_bis_beneficiary_dtls,33,enrol_status,bigint,,64,0,YES,,,
dmart_mp,t_bis_beneficiary_dtls,34,entity_id,character varying,65535,,,YES,,,
dmart_mp,t_bis_beneficiary_dtls,35,card_no,character varying,65535,,,YES,,,
dmart_mp,t_bis_beneficiary_dtls,36,photo,character varying,65535,,,YES,,,
dmart_mp,t_bis_beneficiary_dtls,37,relation,character varying,65535,,,YES,,,
dmart_mp,t_bis_beneficiary_dtls,38,auth_mode,character varying,65535,,,YES,,,
dmart_mp,t_bis_beneficiary_dtls,39,primary_auth_mode,character varying,65535,,,YES,,,
dmart_mp,t_bis_beneficiary_dtls,40,new_member_flag,character varying,65535,,,YES,,,
dmart_mp,t_bis_beneficiary_dtls,41,gender,character varying,65535,,,YES,,,
dmart_mp,t_bis_beneficiary_dtls,42,year_of_birth,character varying,65535,,,YES,,,
dmart_mp,t_bis_beneficiary_dtls,43,name,character varying,65535,,,YES,,,
dmart_mp,t_bis_beneficiary_dtls,44,father_name,character varying,65535,,,YES,,,
dmart_mp,t_bis_beneficiary_dtls,45,age,character varying,65535,,,YES,,,
dmart_mp,t_bis_beneficiary_dtls,46,primary_ben_id,character varying,65535,,,YES,,,
dmart_mp,t_bis_beneficiary_dtls,47,approve_date,timestamp without time zone,,,,YES,,,
dmart_mp,t_bis_beneficiary_dtls,48,enrol_date,timestamp without time zone,,,,YES,,,
dmart_mp,t_bis_beneficiary_dtls,49,card_status,character varying,65535,,,YES,,,
dmart_mp,t_bis_beneficiary_dtls,50,aadhar_status,character varying,65535,,,YES,,,
dmart_mp,t_bis_beneficiary_dtls,51,reject_date,timestamp without time zone,,,,YES,,,
dmart_mp,t_bis_beneficiary_dtls,52,date_of_birth,character varying,65535,,,YES,,,
dmart_mp,t_bis_beneficiary_dtls,53,scheme_code,character varying,65535,,,YES,,,
dmart_mp,t_bis_beneficiary_dtls,54,request_type,character varying,65535,,,YES,,,
dmart_mp,t_bis_beneficiary_dtls,55,auth_txn,character varying,65535,,,YES,,,
dmart_mp,t_bis_beneficiary_dtls,56,primary_auth_txn,character varying,65535,,,YES,,,
dmart_mp,t_bis_beneficiary_dtls,57,request_agent,character varying,65535,,,YES,,,
dmart_mp,t_bis_beneficiary_dtls,58,match_score,character varying,65535,,,YES,,,
dmart_mp,t_bis_beneficiary_dtls,59,source_type,character varying,40,,,YES,,,
dmart_mp,t_bis_beneficiary_dtls,60,aadhaar_disp_code,character varying,65535,,,YES,,,
dmart_mp,t_card_printing_status,1,card_no,character varying,65535,,,YES,,,
dmart_mp,t_card_printing_status,2,entity_id,character varying,65535,,,YES,,,
dmart_mp,t_card_printing_status,3,batch_id,character varying,65535,,,YES,,,
dmart_mp,t_card_printing_status,4,user_id,character varying,65535,,,YES,,,
dmart_mp,t_card_printing_status,5,state_cd,character varying,65535,,,YES,,,
dmart_mp,t_card_printing_status,6,district_cd,character varying,65535,,,YES,,,
dmart_mp,t_card_printing_status,7,subdistrict_town,character varying,65535,,,YES,,,
dmart_mp,t_card_printing_status,8,village_ward,character varying,65535,,,YES,,,
dmart_mp,t_card_printing_status,9,urban_or_rural,character varying,65535,,,YES,,,
dmart_mp,t_card_printing_status,10,card_name,character varying,65535,,,YES,,,
dmart_mp,t_card_printing_status,11,card_fathername,character varying,65535,,,YES,,,
dmart_mp,t_card_printing_status,12,card_relation,character varying,65535,,,YES,,,
dmart_mp,t_card_printing_status,13,card_yob,character varying,65535,,,YES,,,
dmart_mp,t_card_printing_status,14,card_gender,character varying,65535,,,YES,,,
dmart_mp,t_card_printing_status,15,card_address,character varying,65535,,,YES,,,
dmart_mp,t_card_printing_status,16,abha_no,character varying,65535,,,YES,,,
dmart_mp,t_card_printing_status,17,card_photo,character varying,256,,,YES,,,
dmart_mp,t_card_printing_status,18,card_print_status,character varying,65535,,,YES,,,
dmart_mp,t_card_printing_status,19,enroll_date,timestamp without time zone,,,,YES,,,
dmart_mp,t_card_printing_status,20,approve_date,timestamp without time zone,,,,YES,,,
dmart_mp,t_card_printing_status,21,card_gen_date,timestamp without time zone,,,,YES,,,
dmart_mp,t_card_printing_status,22,card_print_date,timestamp without time zone,,,,YES,,,
dmart_mp,t_card_printing_status,23,card_distribute_date,timestamp without time zone,,,,YES,,,
dmart_mp,t_card_printing_status,24,card_deliver_date,timestamp without time zone,,,,YES,,,
dmart_mp,t_card_printing_status,25,ben_id,character varying,65535,,,YES,,,
dmart_mp,t_card_printing_status,26,family_id,character varying,65535,,,YES,,,
dmart_mp,t_card_printing_status,27,age,character varying,65535,,,YES,,,
dmart_mp,t_card_printing_status,28,source_type,character varying,65535,,,YES,,,
dmart_mp,t_card_printing_status,29,created_by,character varying,65535,,,YES,,,
dmart_mp,t_card_printing_status,30,created_dt,timestamp without time zone,,,,YES,,,
dmart_mp,t_card_printing_status,31,updated_by,character varying,65535,,,YES,,,
dmart_mp,t_card_printing_status,32,updated_dt,timestamp without time zone,,,,YES,,,
dmart_mp,t_card_printing_status,33,mobile_number,character varying,65535,,,YES,,,
dmart_mp,t_card_printing_status,34,operator_id,character varying,65535,,,YES,,,
dmart_mp,t_card_printing_status,35,operator_name,character varying,65535,,,YES,,,
dmart_mp,t_card_printing_status,36,operator_contact,character varying,65535,,,YES,,,
dmart_mp,t_card_printing_status,37,state_name,character varying,65535,,,YES,,,
dmart_mp,t_card_printing_status,38,district_name,character varying,65535,,,YES,,,
dmart_mp,t_card_printing_status,39,sub_district_name,character varying,65535,,,YES,,,
dmart_mp,t_card_printing_status,40,village_name,character varying,65535,,,YES,,,
dmart_mp,t_deempanelment_details,1,id_pk,integer,,32,0,YES,,,
dmart_mp,t_deempanelment_details,2,hosp_id,integer,,32,0,YES,,,
dmart_mp,t_deempanelment_details,3,status,integer,,32,0,YES,,,
dmart_mp,t_deempanelment_details,4,end_date,timestamp without time zone,,,,YES,,,
dmart_mp,t_deempanelment_details,5,start_date,timestamp without time zone,,,,YES,,,
dmart_mp,t_deempanelment_details,6,app_status,integer,,32,0,YES,,,
dmart_mp,t_deempanelment_details,7,stop_payment,character varying,200,,,YES,,,
dmart_mp,t_deempanelment_details,8,remarks,character varying,10000,,,YES,,,
dmart_mp,t_deempanelment_details,9,attachment,character varying,2000,,,YES,,,
dmart_mp,t_deempanelment_details,10,created_by,character varying,80,,,YES,,,
dmart_mp,t_deempanelment_details,11,created_dt,timestamp without time zone,,,,YES,,,
dmart_mp,t_deempanelment_details,12,updated_by,character varying,80,,,YES,,,
dmart_mp,t_deempanelment_details,13,updated_dt,timestamp without time zone,,,,YES,,,
dmart_mp,t_deempanelment_details,14,type,character varying,800,,,YES,,,
dmart_mp,t_deempanelment_details,15,reasons,character varying,2000,,,YES,,,
dmart_mp,t_deempanelment_details,16,deempanel_scheme,character varying,2000,,,YES,,,
dmart_mp,t_deempanelment_details,17,deempanel_speclity,character varying,2000,,,YES,,,
dmart_mp,t_deempanelment_details,18,due_date,timestamp without time zone,,,,YES,,,
dmart_mp,t_deempanelment_details,19,documents,character varying,4000,,,YES,,,
dmart_mp,t_deempanelment_details,20,media,character varying,4000,,,YES,,,
dmart_mp,t_deempanelment_details,21,order_id,integer,,32,0,YES,,,
dmart_mp,t_deempanelment_details,22,action_applicable_days,integer,,32,0,YES,,,
dmart_mp,t_deempanelment_details,23,preauth_enable,boolean,,,,YES,,,
dmart_mp,t_hem_hospital,1,id_pk,integer,,32,0,YES,,,
dmart_mp,t_hem_hospital,2,hosp_id,integer,,32,0,YES,,,
dmart_mp,t_hem_hospital,3,hfr_hosp_id,character varying,120,,,YES,,,
dmart_mp,t_hem_hospital,4,hosp_name,character varying,800,,,YES,,,
dmart_mp,t_hem_hospital,5,hosp_address,character varying,4000,,,YES,,,
dmart_mp,t_hem_hospital,6,hosp_city,character varying,400,,,YES,,,
dmart_mp,t_hem_hospital,7,hosp_pin,integer,,32,0,YES,,,
dmart_mp,t_hem_hospital,8,state_cd,smallint,,16,0,YES,,,
dmart_mp,t_hem_hospital,9,dist_cd,smallint,,16,0,YES,,,
dmart_mp,t_hem_hospital,10,hosp_mobile_no,bigint,,64,0,YES,,,
dmart_mp,t_hem_hospital,11,hosp_email_id,character varying,400,,,YES,,,
dmart_mp,t_hem_hospital,12,hosp_contact_no,character varying,120,,,YES,,,
dmart_mp,t_hem_hospital,13,hosp_website,character varying,200,,,YES,,,
dmart_mp,t_hem_hospital,14,hosp_rating,smallint,,16,0,YES,,,
dmart_mp,t_hem_hospital,15,hosp_type_cd,character varying,400,,,YES,,,
dmart_mp,t_hem_hospital,16,hosp_empnl_type,character varying,400,,,YES,,,
dmart_mp,t_hem_hospital,17,hosp_longitude,character varying,80,,,YES,,,
dmart_mp,t_hem_hospital,18,hosp_latitude,character varying,80,,,YES,,,
dmart_mp,t_hem_hospital,19,hosp_gstin,character varying,60,,,YES,,,
dmart_mp,t_hem_hospital,20,json_obj_hosp_dtl,character varying,16000,,,YES,,,
dmart_mp,t_hem_hospital,21,active_status,integer,,32,0,YES,,,
dmart_mp,t_hem_hospital,22,enrl_status,integer,,32,0,YES,,,
dmart_mp,t_hem_hospital,23,created_by,character varying,80,,,YES,,,
dmart_mp,t_hem_hospital,24,created_dt,timestamp without time zone,,,,YES,,,
dmart_mp,t_hem_hospital,25,updated_by,character varying,200,,,YES,,,
dmart_mp,t_hem_hospital,26,updated_dt,timestamp without time zone,,,,YES,,,
dmart_mp,t_hem_hospital,27,nodal_officer_name,character varying,400,,,YES,,,
dmart_mp,t_hem_hospital,28,facility_id,character varying,80,,,YES,,,
dmart_mp,t_hem_hospital,29,nodal_officer_number,bigint,,64,0,YES,,,
dmart_mp,t_hem_hospital,30,type,character varying,800,,,YES,,,
dmart_mp,t_hem_hospital,31,hfr_facility_id,character varying,200,,,YES,,,
dmart_mp,t_hem_hospital,32,hosp_spec_type,character varying,160,,,YES,,,
dmart_mp,t_hem_hospital,33,upgrade_status,integer,,32,0,YES,,,
dmart_mp,t_hem_hospital,34,cluster_id,integer,,32,0,YES,,,
dmart_mp,t_hem_hospital,35,deempanel_status,integer,,32,0,YES,,,
dmart_mp,t_hem_hospital,36,u_role,character varying,400,,,YES,,,
dmart_mp,t_hem_hospital,37,group_id,character varying,400,,,YES,,,
dmart_mp,t_hem_hospital,38,pgdnb_status,character varying,40,,,YES,,,
dmart_mp,t_hem_hospital,39,nodal_officer_email,character varying,400,,,YES,,,
dmart_mp,t_hem_hospital,40,company_name,character varying,800,,,YES,,,
dmart_mp,t_hem_hospital,41,cin_number,character varying,200,,,YES,,,
dmart_mp,t_hem_hospital,42,establishment_year,character varying,200,,,YES,,,
dmart_mp,t_hem_hospital,43,entity_id,integer,,32,0,YES,,,
dmart_mp,t_hem_hospital,44,empaneled_date,timestamp without time zone,,,,YES,,,
dmart_mp,t_hem_hospital,45,hosp_type_cd_sub1,character varying,800,,,YES,,,
dmart_mp,t_hem_hospital,46,bed_size,integer,,32,0,YES,,,
dmart_mp,t_hem_hospital,47,data_source,character varying,400,,,YES,,,
dmart_mp,t_hem_hospital,48,certificate_expiry_date,timestamp without time zone,,,,YES,,,
dmart_mp,t_hem_hospital,49,is_pv_required,integer,,32,0,YES,,,
dmart_mp,t_hem_hospital,50,audit_status,integer,,32,0,YES,,,
dmart_mp,t_hem_hospital,51,hbp_hospital_id,character varying,400,,,YES,,,
dmart_mp,t_hem_hospital,52,old_hosp_id,character varying,800,,,YES,,,
dmart_mp,t_hem_hospital,53,query_allowed,integer,,32,0,YES,,,
dmart_mp,t_hem_sch_mapping,1,id_pk,integer,,32,0,YES,,,
dmart_mp,t_hem_sch_mapping,2,hosp_id,integer,,32,0,YES,,,
dmart_mp,t_hem_sch_mapping,3,scheme_code,character varying,200,,,YES,,,
dmart_mp,t_hem_sch_mapping,4,scheme_name,character varying,400,,,YES,,,
dmart_mp,t_hem_sch_mapping,5,active_status,smallint,,16,0,YES,,,
dmart_mp,t_hem_sch_mapping,6,created_by,character varying,80,,,YES,,,
dmart_mp,t_hem_sch_mapping,7,created_dt,timestamp without time zone,,,,YES,,,
dmart_mp,t_hem_sch_mapping,8,updated_by,character varying,400,,,YES,,,
dmart_mp,t_hem_sch_mapping,9,updated_dt,timestamp without time zone,,,,YES,,,
dmart_mp,t_hem_sch_mapping,10,app_status,integer,,32,0,YES,,,
dmart_mp,t_hem_sch_mapping,11,data_source,character varying,400,,,YES,,,
dmart_mp,t_morth_patient_details,1,id_pk,bigint,,64,0,YES,,,
dmart_mp,t_morth_patient_details,2,addmission_type,character varying,80,,,YES,,,
dmart_mp,t_morth_patient_details,3,govt_id_type,character varying,80,,,YES,,,
dmart_mp,t_morth_patient_details,4,govt_id,character varying,80,,,YES,,,
dmart_mp,t_morth_patient_details,5,name,character varying,600,,,YES,,,
dmart_mp,t_morth_patient_details,6,age,character varying,16,,,YES,,,
dmart_mp,t_morth_patient_details,7,gender,character varying,4,,,YES,,,
dmart_mp,t_morth_patient_details,8,father_spouce_name,character varying,600,,,YES,,,
dmart_mp,t_morth_patient_details,9,identity_mark,character varying,800,,,YES,,,
dmart_mp,t_morth_patient_details,10,pincode,character varying,24,,,YES,,,
dmart_mp,t_morth_patient_details,11,state,character varying,200,,,YES,,,
dmart_mp,t_morth_patient_details,12,district,character varying,200,,,YES,,,
dmart_mp,t_morth_patient_details,13,town,character varying,200,,,YES,,,
dmart_mp,t_morth_patient_details,14,address_1,character varying,800,,,YES,,,
dmart_mp,t_morth_patient_details,15,address_2,character varying,800,,,YES,,,
dmart_mp,t_morth_patient_details,16,mobile_number,character varying,40,,,YES,,,
dmart_mp,t_morth_patient_details,17,location_of_accident,character varying,800,,,YES,,,
dmart_mp,t_morth_patient_details,18,date_of_accident,character varying,65535,,,YES,,,
dmart_mp,t_morth_patient_details,19,time_of_accident,character varying,80,,,YES,,,
dmart_mp,t_morth_patient_details,20,collision_type,character varying,400,,,YES,,,
dmart_mp,t_morth_patient_details,21,collision_nature,character varying,400,,,YES,,,
dmart_mp,t_morth_patient_details,22,details_of_injury,character varying,2000,,,YES,,,
dmart_mp,t_morth_patient_details,23,ambulance_vehicle_number,character varying,80,,,YES,,,
dmart_mp,t_morth_patient_details,24,accident_severity,character varying,400,,,YES,,,
dmart_mp,t_morth_patient_details,25,no_of_vehicle,integer,,32,0,YES,,,
dmart_mp,t_morth_patient_details,26,care_plan,character varying,200,,,YES,,,
dmart_mp,t_morth_patient_details,27,patient_brought_by,character varying,200,,,YES,,,
dmart_mp,t_morth_patient_details,28,brought_by_fullname,character varying,600,,,YES,,,
dmart_mp,t_morth_patient_details,29,brought_by_relation,character varying,200,,,YES,,,
dmart_mp,t_morth_patient_details,30,brought_by_mobile,character varying,65535,,,YES,,,
dmart_mp,t_morth_patient_details,31,json_capture_photo,character varying,65535,,,YES,,,
dmart_mp,t_morth_patient_details,32,patient_registration_id,character varying,65535,,,YES,,,
dmart_mp,t_morth_patient_details,33,patient_con_uncon,character varying,4,,,YES,,,
dmart_mp,t_morth_patient_details,34,edar_victim_id,character varying,200,,,YES,,,
dmart_mp,t_morth_patient_details,35,hospital_id,integer,,32,0,YES,,,
dmart_mp,t_morth_patient_details,36,hospital_name,character varying,800,,,YES,,,
dmart_mp,t_morth_patient_details,37,hospital_address,character varying,2000,,,YES,,,
dmart_mp,t_morth_patient_details,38,is_pushed_to_edhar,character varying,800,,,YES,,,
dmart_mp,t_morth_patient_details,39,edar_update_time,timestamp without time zone,,,,YES,,,
dmart_mp,t_morth_patient_details,40,created_by,character varying,80,,,YES,,,
dmart_mp,t_morth_patient_details,41,created_dt,timestamp without time zone,,,,YES,,,
dmart_mp,t_morth_patient_details,42,updated_by,character varying,200,,,YES,,,
dmart_mp,t_morth_patient_details,43,updated_dt,timestamp without time zone,,,,YES,,,
dmart_mp,t_morth_patient_details,44,is_victim_id_exist,character varying,4,,,YES,,,
dmart_mp,t_morth_patient_details,45,cause_of_accident,character varying,400,,,YES,,,
dmart_mp,t_morth_patient_details,46,victim_id_updated_dt_by_edar,timestamp without time zone,,,,YES,,,
dmart_mp,t_morth_patient_details,47,victim_id_remark_by_edar,character varying,800,,,YES,,,
dmart_mp,t_morth_patient_details,48,victim_id_approval_flag_by_edar,character varying,65535,,,YES,,,
dmart_mp,t_morth_patient_details,49,hospital_state_code,character varying,16,,,YES,,,
dmart_mp,t_morth_patient_details,50,hospital_district_code,character varying,24,,,YES,,,
dmart_mp,t_morth_patient_details,51,pid,character varying,32,,,YES,,,
dmart_mp,t_morth_patient_details,52,district_of_accident,character varying,24,,,YES,,,
dmart_mp,t_morth_patient_details,53,district_name_of_accident,character varying,800,,,YES,,,
dmart_mp,t_morth_patient_details,54,state_of_accident,character varying,24,,,YES,,,
dmart_mp,t_morth_patient_details,55,state_name_of_accident,character varying,800,,,YES,,,
dmart_mp,t_morth_patient_details,56,responded_district_of_accident,character varying,40,,,YES,,,
dmart_mp,t_morth_patient_details,57,responded_state_of_accident,character varying,40,,,YES,,,
dmart_mp,t_morth_patient_details,58,life_threatening,character varying,40,,,YES,,,
dmart_mp,t_morth_patient_details,59,accident_brought_to_hospital,character varying,400,,,YES,,,
dmart_mp,t_morth_patient_details,60,landmark,character varying,800,,,YES,,,
dmart_mp,t_morth_patient_details,61,brought_by_ambulance,character varying,40,,,YES,,,
dmart_mp,t_morth_patient_details,62,attachment_content,character varying,800,,,YES,,,
dmart_mp,t_morth_patient_details,63,request_json,character varying,2000,,,YES,,,
dmart_mp,t_patient_dtl,1,state_code,smallint,,16,0,YES,,,
dmart_mp,t_patient_dtl,2,district_code,smallint,,16,0,YES,,,
dmart_mp,t_patient_dtl,3,is_authenticated,smallint,,16,0,YES,,,
dmart_mp,t_patient_dtl,4,registration_id,character varying,4000,,,YES,,,
dmart_mp,t_patient_dtl,5,name,character varying,4000,,,YES,,,
dmart_mp,t_patient_dtl,6,registration_date,timestamp without time zone,,,,YES,,,
dmart_mp,t_patient_dtl,7,authentication_type,character varying,300,,,YES,,,
dmart_mp,t_patient_dtls,1,id_pk,integer,,32,0,YES,,,
dmart_mp,t_patient_dtls,2,registration_id,bigint,,64,0,YES,,,
dmart_mp,t_patient_dtls,3,careplan_id,integer,,32,0,YES,,,
dmart_mp,t_patient_dtls,4,program_id,character varying,80,,,YES,,,
dmart_mp,t_patient_dtls,5,state_code,smallint,,16,0,YES,,,
dmart_mp,t_patient_dtls,6,district_code,smallint,,16,0,YES,,,
dmart_mp,t_patient_dtls,7,name,character varying,280,,,YES,,,
dmart_mp,t_patient_dtls,8,dob,character varying,16,,,YES,,,
dmart_mp,t_patient_dtls,9,gender,character varying,4,,,YES,,,
dmart_mp,t_patient_dtls,10,registration_date,timestamp without time zone,,,,YES,,,
dmart_mp,t_patient_dtls,11,hospital_id,integer,,32,0,YES,,,
dmart_mp,t_patient_dtls,12,hospital_name,character varying,800,,,YES,,,
dmart_mp,t_patient_dtls,13,status_id,smallint,,16,0,YES,,,
dmart_mp,t_patient_dtls,14,referral_id,character varying,40,,,YES,,,
dmart_mp,t_patient_dtls,15,ref_object_datavault,character varying,400,,,YES,,,
dmart_mp,t_patient_dtls,16,ip_op,character varying,4,,,YES,,,
dmart_mp,t_patient_dtls,17,consent_data,smallint,,16,0,YES,,,
dmart_mp,t_patient_dtls,18,member_type,character varying,12,,,YES,,,
dmart_mp,t_patient_dtls,19,amount,numeric,,9,2,YES,,,
dmart_mp,t_patient_dtls,20,created_by,character varying,800,,,YES,,,
dmart_mp,t_patient_dtls,21,created_dt,timestamp without time zone,,,,YES,,,
dmart_mp,t_patient_dtls,22,updated_by,character varying,800,,,YES,,,
dmart_mp,t_patient_dtls,23,updated_dt,timestamp without time zone,,,,YES,,,
dmart_mp,t_patient_dtls,24,case_id,character varying,200,,,YES,,,
dmart_mp,t_patient_dtls,25,hist_created_by,character varying,800,,,YES,,,
dmart_mp,t_patient_dtls,26,hist_created_dt,timestamp without time zone,,,,YES,,,
dmart_mp,t_patient_dtls,27,json_object_registration,character varying,800,,,YES,,,
dmart_mp,t_patient_dtls,28,json_object_preauthorisation,character varying,800,,,YES,,,
dmart_mp,t_patient_dtls,29,json_object_claim,character varying,800,,,YES,,,
dmart_mp,t_patient_dtls,30,remarks,character varying,8000,,,YES,,,
dmart_mp,t_patient_dtls,31,is_authenticated,smallint,,16,0,YES,,,
dmart_mp,t_patient_dtls,32,authentication_type,character varying,80,,,YES,,,
dmart_mp,t_patient_dtls,33,authentication_value,character varying,800,,,YES,,,
dmart_mp,t_patient_dtls,34,admission_type,character varying,8,,,YES,,,
dmart_mp,t_patient_dtls,35,admission_dt,timestamp without time zone,,,,YES,,,
dmart_mp,t_patient_dtls,36,surgery_dt,timestamp without time zone,,,,YES,,,
dmart_mp,t_patient_dtls,37,discharge_dt,timestamp without time zone,,,,YES,,,
dmart_mp,t_patient_dtls,38,m_flag,smallint,,16,0,YES,,,
dmart_mp,t_patient_dtls,39,reason_code,character varying,40,,,YES,,,
dmart_mp,t_patient_dtls,40,renewal_id,integer,,32,0,YES,,,
dmart_mp,t_patient_dtls,41,family_id,character varying,400,,,YES,,,
dmart_mp,t_patient_dtls,42,discharge_type,character varying,8,,,YES,,,
dmart_mp,t_patient_dtls,43,discharge_sub_type,character varying,8,,,YES,,,
dmart_mp,t_patient_dtls,44,death_dt,timestamp without time zone,,,,YES,,,
dmart_mp,t_patient_dtls,45,stage,character varying,8,,,YES,,,
dmart_mp,t_patient_dtls,46,datalake_scheduler_flag,character varying,4,,,YES,,,
dmart_mp,t_patient_dtls,47,payer_name,character varying,800,,,YES,,,
dmart_mp,t_patient_dtls,48,renewal_code,character varying,200,,,YES,,,
dmart_mp,t_patient_dtls,49,hosp_bill_number,character varying,400,,,YES,,,
dmart_mp,t_patient_dtls,50,ben_type,character varying,200,,,YES,,,
dmart_mp,t_patient_dtls,51,portability,character varying,20,,,YES,,,
dmart_mp,t_patient_dtls,52,hosp_careplan_id,integer,,32,0,YES,,,
dmart_mp,t_patient_dtls,53,hosp_renewal_id,integer,,32,0,YES,,,
dmart_mp,t_patient_dtls,54,state_transition_flag,character varying,65535,,,YES,,,
dmart_mp,t_patient_dtls,55,table_name,character varying,500,,,YES,,,
dmart_mp,t_payment_dtls,1,id_pk,integer,,32,0,YES,,,
dmart_mp,t_payment_dtls,2,case_id,integer,,32,0,YES,,,
dmart_mp,t_payment_dtls,3,payment_tran_type,character varying,80,,,YES,,,
dmart_mp,t_payment_dtls,4,payment_type,character varying,80,,,YES,,,
dmart_mp,t_payment_dtls,5,payment_unique_id,character varying,400,,,YES,,,
dmart_mp,t_payment_dtls,6,payment_sequence_id,character varying,200,,,YES,,,
dmart_mp,t_payment_dtls,7,careplan_id,integer,,32,0,YES,,,
dmart_mp,t_payment_dtls,8,src_bank_id,character varying,80,,,YES,,,
dmart_mp,t_payment_dtls,9,src_account_no,character varying,80,,,YES,,,
dmart_mp,t_payment_dtls,10,src_ifsc_code,character varying,80,,,YES,,,
dmart_mp,t_payment_dtls,11,ben_bank_id,character varying,80,,,YES,,,
dmart_mp,t_payment_dtls,12,ben_account_no,character varying,800,,,YES,,,
dmart_mp,t_payment_dtls,13,ben_ifsc_code,character varying,80,,,YES,,,
dmart_mp,t_payment_dtls,14,ben_account_name,character varying,800,,,YES,,,
dmart_mp,t_payment_dtls,15,ben_mail_id,character varying,200,,,YES,,,
dmart_mp,t_payment_dtls,16,ben_account_address,character varying,800,,,YES,,,
dmart_mp,t_payment_dtls,17,ben_provider_type,character varying,60,,,YES,,,
dmart_mp,t_payment_dtls,18,ben_provider_id,character varying,80,,,YES,,,
dmart_mp,t_payment_dtls,19,transaction_amount,numeric,,38,20,YES,,,
dmart_mp,t_payment_dtls,20,bank_transaction_type,character varying,40,,,YES,,,
dmart_mp,t_payment_dtls,21,transaction_date,timestamp without time zone,,,,YES,,,
dmart_mp,t_payment_dtls,22,upload_file_name,character varying,800,,,YES,,,
dmart_mp,t_payment_dtls,23,upload_file_path,character varying,800,,,YES,,,
dmart_mp,t_payment_dtls,24,payment_sent_dt,timestamp without time zone,,,,YES,,,
dmart_mp,t_payment_dtls,25,reject_code,character varying,80,,,YES,,,
dmart_mp,t_payment_dtls,26,reject_flag,character varying,80,,,YES,,,
dmart_mp,t_payment_dtls,27,reject_remarks,character varying,12000,,,YES,,,
dmart_mp,t_payment_dtls,28,payment_reject_dt,timestamp without time zone,,,,YES,,,
dmart_mp,t_payment_dtls,29,paid_flag,character varying,40,,,YES,,,
dmart_mp,t_payment_dtls,30,payment_paid_dt,timestamp without time zone,,,,YES,,,
dmart_mp,t_payment_dtls,31,paid_remarks,character varying,12000,,,YES,,,
dmart_mp,t_payment_dtls,32,ack_flag,character varying,20,,,YES,,,
dmart_mp,t_payment_dtls,33,ack_dt,timestamp without time zone,,,,YES,,,
dmart_mp,t_payment_dtls,34,scheduler_flag,character varying,20,,,YES,,,
dmart_mp,t_payment_dtls,35,created_by,character varying,800,,,YES,,,
dmart_mp,t_payment_dtls,36,created_dt,timestamp without time zone,,,,YES,,,
dmart_mp,t_payment_dtls,37,updated_by,character varying,800,,,YES,,,
dmart_mp,t_payment_dtls,38,updated_dt,timestamp without time zone,,,,YES,,,
dmart_mp,t_payment_dtls,39,ben_bank_branch,character varying,400,,,YES,,,
dmart_mp,t_payment_dtls,40,src_bank_name,character varying,400,,,YES,,,
dmart_mp,t_payment_dtls,41,registration_id,bigint,,64,0,YES,,,
dmart_mp,t_payment_dtls,42,case_no,character varying,65535,,,YES,,,
dmart_mp,t_payment_dtls,43,re_init_flag,character varying,40,,,YES,,,
dmart_mp,t_payment_dtls,44,state_code,character varying,200,,,YES,,,
dmart_mp,t_suspicious_api_case_data,1,state_lgd_code,character varying,100,,,YES,,,
dmart_mp,t_suspicious_api_case_data,2,reference_number,character varying,1000,,,YES,,,
dmart_mp,t_suspicious_api_case_data,3,application_type,character varying,1000,,,YES,,,
dmart_mp,t_suspicious_api_case_data,4,lst_trigger_event_date,timestamp without time zone,,,,YES,,,
dmart_mp,t_suspicious_api_case_data,5,remarks,character varying,10000,,,YES,,,
dmart_mp,t_suspicious_api_case_data,6,crt_date,timestamp without time zone,,,,YES,,,
dmart_mp,t_suspicious_api_case_data,7,crt_usr,character varying,1000,,,YES,,,
dmart_mp,t_suspicious_api_case_data,8,updt_date,timestamp without time zone,,,,YES,,,
dmart_mp,t_suspicious_api_case_data,9,updt_usr,character varying,1000,,,YES,,,
dmart_mp,t_suspicious_api_case_data,10,suspicion_id,character varying,200,,,YES,,,
dmart_mp,t_suspicious_api_case_data,11,entity_id,character varying,200,,,YES,,,
dmart_mp,t_suspicious_api_case_data,12,entity_type,character varying,200,,,YES,,,
dmart_mp,t_suspicious_api_case_data,13,entity_name,character varying,200,,,YES,,,
dmart_mp,t_suspicious_api_case_data,14,risk_score,bigint,,64,0,YES,,,
dmart_mp,t_suspicious_api_case_data,15,medag_or_safo,character varying,10,,,YES,,,
dmart_mp,t_suspicious_api_case_dtls,1,id_pk,bigint,,64,0,YES,,,
dmart_mp,t_suspicious_api_case_dtls,2,state_lgd_code,character varying,100,,,YES,,,
dmart_mp,t_suspicious_api_case_dtls,3,reference_number,character varying,1000,,,YES,,,
dmart_mp,t_suspicious_api_case_dtls,4,application_type,character varying,1000,,,YES,,,
dmart_mp,t_suspicious_api_case_dtls,5,vendor_id,character varying,1000,,,YES,,,
dmart_mp,t_suspicious_api_case_dtls,6,trigger_type,character varying,1000,,,YES,,,
dmart_mp,t_suspicious_api_case_dtls,7,trigger_code,character varying,1000,,,YES,,,
dmart_mp,t_suspicious_api_case_dtls,8,trigger_time,timestamp without time zone,,,,YES,,,
dmart_mp,t_suspicious_api_case_dtls,9,trigger_reason,character varying,10000,,,YES,,,
dmart_mp,t_suspicious_api_case_dtls,10,crt_date,timestamp without time zone,,,,YES,,,
dmart_mp,t_suspicious_api_case_dtls,11,crt_usr,character varying,1000,,,YES,,,
dmart_mp,t_suspicious_api_case_dtls,12,flag,character varying,10,,,YES,,,
dmart_mp,t_workflow_transaction_audit,1,id_pk,integer,,32,0,YES,,,
dmart_mp,t_workflow_transaction_audit,2,work_id_pk,integer,,32,0,YES,,,
dmart_mp,t_workflow_transaction_audit,3,workflow_transaction_id,bigint,,64,0,YES,,,
dmart_mp,t_workflow_transaction_audit,4,status_id,numeric,,18,0,YES,,,
dmart_mp,t_workflow_transaction_audit,5,service_request_type,character varying,100,,,YES,,,
dmart_mp,t_workflow_transaction_audit,6,json_object,character varying,20000,,,YES,,,
dmart_mp,t_workflow_transaction_audit,7,workflow_process_code,character varying,10000,,,YES,,,
dmart_mp,t_workflow_transaction_audit,8,remarks,character varying,50000,,,YES,,,
dmart_mp,t_workflow_transaction_audit,9,criteria_code,character varying,3000,,,YES,,,
dmart_mp,t_workflow_transaction_audit,10,workflow_id,character varying,3000,,,YES,,,
dmart_mp,t_workflow_transaction_audit,11,previous_workflow_role,character varying,10000,,,YES,,,
dmart_mp,t_workflow_transaction_audit,12,acted_workflow_user,character varying,10000,,,YES,,,
dmart_mp,t_workflow_transaction_audit,13,version,character varying,500,,,YES,,,
dmart_mp,t_workflow_transaction_audit,14,final_level,smallint,,16,0,YES,,,
dmart_mp,t_workflow_transaction_audit,15,cluster_id,bigint,,64,0,YES,,,
dmart_mp,t_workflow_transaction_audit,16,active_flag,smallint,,16,0,YES,,,
dmart_mp,t_workflow_transaction_audit,17,transaction_dt,timestamp without time zone,,,,YES,,,
dmart_mp,t_workflow_transaction_audit,18,verified,character varying,1000,,,YES,,,
dmart_mp,t_workflow_transaction_audit,19,time_taken_by_user,numeric,,18,0,YES,,,
dmart_mp,t_workflow_transaction_audit,20,time_taken_at_level,numeric,,18,0,YES,,,
dmart_mp,t_workflow_transaction_audit,21,current_entity_id,character varying,10000,,,YES,,,
dmart_mp,t_workflow_transaction_audit,22,current_tpa_group,character varying,10000,,,YES,,,
dmart_mp,t_workflow_transaction_audit,23,created_by,character varying,10000,,,YES,,,
dmart_mp,t_workflow_transaction_audit,24,created_dt,timestamp without time zone,,,,YES,,,
dmart_mp,t_workflow_transaction_audit,25,updated_by,character varying,10000,,,YES,,,
dmart_mp,t_workflow_transaction_audit,26,updated_dt,timestamp without time zone,,,,YES,,,
dmart_mp,t_workflow_transaction_audit,27,hist_created_by,character varying,10000,,,YES,,,
dmart_mp,t_workflow_transaction_audit,28,hist_created_dt,timestamp without time zone,,,,YES,,,
dmart_mp,t_workflow_transaction_audit,29,check_list_json,character varying,50000,,,YES,,,
dmart_mp,t_workflow_transaction_audit,30,is_migrated,character varying,500,,,YES,,,
dmart_mp,t_workflow_transaction_audit,31,reason_desc,character varying,256,,,YES,,,
dmart_mp,t_workflow_transaction_audit,32,reason_id,character varying,256,,,YES,,,
dmart_mp,t_workflow_transaction_audit,33,priority,integer,,32,0,YES,,,
dmart_mp,t_workflow_transaction_audit,34,state_cd,character varying,256,,,YES,,,
dmart_mp,t_workflow_transaction_audit_hem,1,id_pk,integer,,32,0,YES,,,
dmart_mp,t_workflow_transaction_audit_hem,2,work_id_pk,integer,,32,0,YES,,,
dmart_mp,t_workflow_transaction_audit_hem,3,workflow_transaction_id,integer,,32,0,YES,,,
dmart_mp,t_workflow_transaction_audit_hem,4,status_id,numeric,,38,20,YES,,,
dmart_mp,t_workflow_transaction_audit_hem,5,service_request_type,character varying,4,,,YES,,,
dmart_mp,t_workflow_transaction_audit_hem,6,json_object,character varying,16000,,,YES,,,
dmart_mp,t_workflow_transaction_audit_hem,7,workflow_process_code,character varying,200,,,YES,,,
dmart_mp,t_workflow_transaction_audit_hem,8,remarks,character varying,10000,,,YES,,,
dmart_mp,t_workflow_transaction_audit_hem,9,criteria_code,character varying,200,,,YES,,,
dmart_mp,t_workflow_transaction_audit_hem,10,workflow_id,character varying,120,,,YES,,,
dmart_mp,t_workflow_transaction_audit_hem,11,previous_workflow_role,character varying,200,,,YES,,,
dmart_mp,t_workflow_transaction_audit_hem,12,acted_workflow_user,character varying,400,,,YES,,,
dmart_mp,t_workflow_transaction_audit_hem,13,version,character varying,12,,,YES,,,
dmart_mp,t_workflow_transaction_audit_hem,14,created_by,character varying,400,,,YES,,,
dmart_mp,t_workflow_transaction_audit_hem,15,created_dt,timestamp without time zone,,,,YES,,,
dmart_mp,t_workflow_transaction_audit_hem,16,updated_by,character varying,400,,,YES,,,
dmart_mp,t_workflow_transaction_audit_hem,17,updated_dt,timestamp without time zone,,,,YES,,,
dmart_mp,t_workflow_transaction_audit_hem,18,hist_created_by,character varying,400,,,YES,,,
dmart_mp,t_workflow_transaction_audit_hem,19,hist_created_dt,timestamp without time zone,,,,YES,,,
dmart_mp,t_workflow_transaction_audit_hem,20,final_level,smallint,,16,0,YES,,,
dmart_mp,t_workflow_transaction_audit_hem,21,cluster_id,integer,,32,0,YES,,,
dmart_mp,t_workflow_transaction_audit_hem,22,latest_rejection,smallint,,16,0,YES,,,
dmart_mp,t_workflow_transaction_audit_hem,23,active_flag,smallint,,16,0,YES,,,
dmart_mp,t_workflow_transaction_audit_hem,24,physical_report,character varying,2000,,,YES,,,
dmart_mp,t_workflow_transaction_audit_hem,25,attachment,character varying,2000,,,YES,,,
dmart_mp,t_workflow_transaction_audit_hem,26,transaction_dt,timestamp without time zone,,,,YES,,,
dmart_mp,t_workflow_transaction_audit_hem,27,admission_type,character varying,4,,,YES,,,
dmart_mp,t_workflow_transaction_audit_hem,28,scheme_code,character varying,65535,,,YES,,,
dmart_mp,tms_recovery,1,hosp_disp_code,character varying,65535,,,YES,,,
dmart_mp,tms_recovery,2,case_id,character varying,65535,,,YES,,,
dmart_mp,tms_recovery,3,requested_recovery_amount,bigint,,64,0,YES,,,
dmart_mp,tms_recovery,4,reason,character varying,65535,,,YES,,,
dmart_mp,tms_recovery,5,remarks,character varying,65535,,,YES,,,
dmart_mp,tms_recovery,6,created_dt,timestamp without time zone,,,,YES,,,
dmart_mp,tms_recovery,7,tobe_recovered_amt,bigint,,64,0,YES,,,
dmart_mp,tms_recovery,8,recovered_case_id,character varying,256,,,YES,,,
dmart_mp,tms_recovery,9,recovered_amt,bigint,,64,0,YES,,,
dmart_mp,tms_recovery,10,recovery_date,timestamp without time zone,,,,YES,,,
dmart_mp,tms_recovery,11,recovery_status,character varying,256,,,YES,,,
dmart_mp,tms_recovery,12,payer_id,character varying,65535,,,YES,,,
dmart_mp,tms_recovery,13,state_code,bigint,,64,0,YES,,,
dmart_mp,tms_recovery,14,state_name,character varying,65535,,,YES,,,
dmart_mp,treatment_dtls,1,registration_id,character varying,100,,,YES,,,
dmart_mp,treatment_dtls,2,caseid,character varying,100,,,YES,,,
dmart_mp,treatment_dtls,3,item_id,character varying,100,,,YES,,,
dmart_mp,treatment_dtls,4,type,character varying,500,,,YES,,,
dmart_mp,treatment_dtls,5,type_desc,character varying,5000,,,YES,,,
dmart_mp,treatment_dtls,6,date_on_which,character varying,100,,,YES,,,
dmart_mp,treatment_dtls,7,procedure_id,character varying,500,,,YES,,,
dmart_mp,treatment_dtls,8,procedure_code,character varying,500,,,YES,,,
dmart_mp,treatment_dtls,9,procedure_name,character varying,5000,,,YES,,,
dmart_mp,treatment_dtls,10,procedure_strat,character varying,500,,,YES,,,
dmart_mp,treatment_dtls,11,procedure_strat_name,character varying,500,,,YES,,,
dmart_mp,treatment_dtls,12,stratification_amount,character varying,100,,,YES,,,
dmart_mp,treatment_dtls,13,procedure_type,character varying,100,,,YES,,,
dmart_mp,treatment_dtls,14,amount,character varying,100,,,YES,,,
dmart_mp,treatment_dtls,15,factor,character varying,25,,,YES,,,
dmart_mp,treatment_dtls,16,approved_factor,character varying,25,,,YES,,,
dmart_mp,treatment_dtls,17,no_of_days,bigint,,64,0,YES,,,
dmart_mp,treatment_dtls,18,quantity,bigint,,64,0,YES,,,
dmart_mp,treatment_dtls,19,approved_quantity,bigint,,64,0,YES,,,
dmart_mp,treatment_dtls,20,unit_price,numeric,,15,2,YES,,,
dmart_mp,treatment_dtls,21,net_amount,numeric,,15,2,YES,,,
dmart_mp,treatment_dtls,22,approved_amount,numeric,,15,2,YES,,,
dmart_mp,treatment_dtls,23,status,character varying,25,,,YES,,,
dmart_mp,treatment_dtls,24,remarks,character varying,5000,,,YES,,,
dmart_mp,treatment_dtls,25,reason_code,character varying,25,,,YES,,,
dmart_mp,treatment_dtls,26,procedure_category_flag,character varying,25,,,YES,,,
dmart_mp,treatment_dtls,27,product_service,character varying,250,,,YES,,,
dmart_mp,treatment_stratification_details,1,registration_id,integer,,32,0,YES,,,
dmart_mp,treatment_stratification_details,2,patientnumber,character varying,65535,,,YES,,,
dmart_mp,treatment_stratification_details,3,householdid,character varying,65535,,,YES,,,
dmart_mp,treatment_stratification_details,4,treatment_sno,character varying,65535,,,YES,,,
dmart_mp,treatment_stratification_details,5,treatment_itemsequence,integer,,32,0,YES,,,
dmart_mp,treatment_stratification_details,6,treatment_itemid,character varying,65535,,,YES,,,
dmart_mp,treatment_stratification_details,7,type,character varying,65535,,,YES,,,
dmart_mp,treatment_stratification_details,8,typedesc,character varying,65535,,,YES,,,
dmart_mp,treatment_stratification_details,9,dateonwhich,timestamp without time zone,,,,YES,,,
dmart_mp,treatment_stratification_details,10,procedureid,character varying,65535,,,YES,,,
dmart_mp,treatment_stratification_details,11,procedurecode,character varying,65535,,,YES,,,
dmart_mp,treatment_stratification_details,12,procedurename,character varying,65535,,,YES,,,
dmart_mp,treatment_stratification_details,13,proceduretype,character varying,65535,,,YES,,,
dmart_mp,treatment_stratification_details,14,procedurecategoryflag,character varying,65535,,,YES,,,
dmart_mp,treatment_stratification_details,15,procedurestrat,character varying,65535,,,YES,,,
dmart_mp,treatment_stratification_details,16,procedurestratname,character varying,65535,,,YES,,,
dmart_mp,treatment_stratification_details,17,stratamount,numeric,,38,20,YES,,,
dmart_mp,ump_users_v,1,id_pk,bigint,,64,0,YES,,,
dmart_mp,ump_users_v,2,user_id,character varying,4000,,,YES,,,
dmart_mp,ump_users_v,3,user_name,character varying,4000,,,YES,,,
dmart_mp,ump_users_v,4,mobile_number,bigint,,64,0,YES,,,
dmart_mp,ump_users_v,5,email_id,character varying,2000,,,YES,,,
dmart_mp,ump_users_v,6,reference_id,character varying,8000,,,YES,,,
dmart_mp,ump_users_v,7,ump_user_dtl_created_dt,timestamp without time zone,,,,YES,,,
dmart_mp,ump_users_v,8,active_status,character varying,8000,,,YES,,,
dmart_mp,ump_users_v,9,user_active_status_updated_dt,timestamp without time zone,,,,YES,,,
dmart_mp,ump_users_v,10,user_active_status_updated_by,character varying,4000,,,YES,,,
dmart_mp,ump_users_v,11,last_login_time,timestamp without time zone,,,,YES,,,
dmart_mp,ump_users_v,12,app_id,integer,,32,0,YES,,,
dmart_mp,ump_users_v,13,app_name,character varying,2000,,,YES,,,
dmart_mp,ump_users_v,14,entity_id,integer,,32,0,YES,,,
dmart_mp,ump_users_v,15,entity_name,character varying,8000,,,YES,,,
dmart_mp,ump_users_v,16,entity_id_pk,integer,,32,0,YES,,,
dmart_mp,ump_users_v,17,entity_type_name,character varying,2400,,,YES,,,
dmart_mp,ump_users_v,18,m_ump_entity_dtl_entity_id,integer,,32,0,YES,,,
dmart_mp,ump_users_v,19,m_ump_entity_dtl_entity_name,character varying,8000,,,YES,,,
dmart_mp,ump_users_v,20,state_cd,smallint,,16,0,YES,,,
dmart_mp,ump_users_v,21,state_name,character varying,1020,,,YES,,,
dmart_mp,ump_users_v,22,cluster_id,integer,,32,0,YES,,,
dmart_mp,ump_users_v,23,district_cd,integer,,32,0,YES,,,
dmart_mp,ump_users_v,24,district_name,character varying,4000,,,YES,,,
dmart_mp,ump_users_v,25,role_id,integer,,32,0,YES,,,
dmart_mp,ump_users_v,26,role_name,character varying,2000,,,YES,,,
dmart_mp,ump_users_v,27,status,character varying,4000,,,YES,,,
dmart_mp,ump_users_v,28,role_status,character varying,4000,,,YES,,,
dmart_mp,ump_users_v,29,user_role_mpg_updated_dt,timestamp without time zone,,,,YES,,,
dmart_mp,ump_users_v,30,user_role_mpg_updated_by,character varying,4000,,,YES,,,
dmart_mp,user_master_ump,1,id_pk,bigint,,64,0,YES,,,
dmart_mp,user_master_ump,2,user_id,character varying,65535,,,YES,,,
dmart_mp,user_master_ump,3,user_name,character varying,65535,,,YES,,,
dmart_mp,user_master_ump,4,email_id,character varying,65535,,,YES,,,
dmart_mp,user_master_ump,5,mobile_number,bigint,,64,0,YES,,,
dmart_mp,user_master_ump,6,user_gender,character varying,65535,,,YES,,,
dmart_mp,user_master_ump,7,user_state_code,smallint,,16,0,YES,,,
dmart_mp,user_master_ump,8,csc_id,character varying,65535,,,YES,,,
dmart_mp,user_master_ump,9,active_status,character varying,65535,,,YES,,,
dmart_mp,user_master_ump,10,user_dtl_id,bigint,,64,0,YES,,,
dmart_mp,user_master_ump,11,entity_id,integer,,32,0,YES,,,
dmart_mp,user_master_ump,12,entity_name,character varying,65535,,,YES,,,
dmart_mp,user_master_ump,13,entity_description,character varying,65535,,,YES,,,
dmart_mp,user_master_ump,14,entity_state_code,smallint,,16,0,YES,,,
dmart_mp,user_master_ump,15,status,character varying,65535,,,YES,,,
dmart_mp,user_master_ump,16,role_status,character varying,65535,,,YES,,,
dmart_mp,user_master_ump,17,role_id,integer,,32,0,YES,,,
dmart_mp,user_master_ump,18,app_id,integer,,32,0,YES,,,
dmart_mp,user_master_ump,19,app_description,character varying,65535,,,YES,,,
dmart_mp,user_master_ump,20,app_name,character varying,65535,,,YES,,,
dmart_mp,user_master_ump,21,app_status,character varying,256,,,YES,,,
dmart_mp,user_master_ump,22,role_name,character varying,65535,,,YES,,,
dmart_mp,workflow_users_t,1,table_name,character varying,256,,,YES,,,
dmart_mp,workflow_users_t,2,id_pk,integer,,32,0,YES,,,
dmart_mp,workflow_users_t,3,registration_id,character varying,256,,,YES,,,
dmart_mp,workflow_users_t,4,workflow_role,character varying,1000,,,YES,,,
dmart_mp,workflow_users_t,5,status_id,numeric,,18,0,YES,,,
dmart_mp,workflow_users_t,6,status_descrption,character varying,1000,,,YES,,,
dmart_mp,workflow_users_t,7,workflow_process_code,character varying,100,,,YES,,,
dmart_mp,workflow_users_t,8,workflow_user,character varying,1000,,,YES,,,
dmart_mp,workflow_users_t,9,created_dt,timestamp without time zone,,,,YES,,,
dmart_mp,workflow_users_t,10,last_action_dt,timestamp without time zone,,,,YES,,,
dmart_mp,workflow_users_t,11,initiated_amount,numeric,,18,2,YES,,,
dmart_mp,workflow_users_t,12,approved_amount,numeric,,18,2,YES,,,
dmart_mp,workflow_users_t,13,transaction_dt,timestamp without time zone,,,,YES,,,
dmart_mp,workflow_users_t,14,final_level,smallint,,16,0,YES,,,
dmart_mp,workflow_users_t,15,active_flag,smallint,,16,0,YES,,,
dmart_mp,workflow_users_t,16,created_by,character varying,2000,,,YES,,,
dmart_mp,workflow_users_t,17,remarks,character varying,5000,,,YES,,,
dmart_mp,workflow_users_t,18,json_object,character varying,2000,,,YES,,,
dmart_mp,workflow_users_t,19,patient_state_code,smallint,,16,0,YES,,,
dmart_mp,workflow_users_t,20,patient_district_code,smallint,,16,0,YES,,,
dmart_mp,workflow_users_t,21,patient_state_name,character varying,256,,,YES,,,
dmart_mp,workflow_users_t,22,patient_district_name,character varying,5000,,,YES,,,
dmart_mp,workflow_users_t,23,hospital_code,character varying,500,,,YES,,,
dmart_mp,workflow_users_t,24,hospital_name,character varying,256,,,YES,,,
dmart_mp,workflow_users_t,25,hospital_state_cd,smallint,,16,0,YES,,,
dmart_mp,workflow_users_t,26,hospital_district_cd,smallint,,16,0,YES,,,
dmart_mp,workflow_users_t,27,hosp_district_name,character varying,5000,,,YES,,,
dmart_mp,workflow_users_t,28,hosp_state_name,character varying,256,,,YES,,,
dmart_mp,workflow_users_t,29,hospital_type,character varying,5,,,YES,,,
dmart_mp,workflow_users_t,30,mobile_number,bigint,,64,0,YES,,,
dmart_mp,workflow_users_t,31,user_id,character varying,5000,,,YES,,,
dmart_mp,workflow_users_t,32,user_name,character varying,5000,,,YES,,,
dmart_mp,workflow_users_t,33,last_insert_dt,timestamp without time zone,,,,YES,,,
dmart_mp,workflow_users_t,34,m_flag,integer,,32,0,YES,,,
dmart_mp,workflow_users_t,35,dashboard_workflow_role,character varying,256,,,YES,,,
dmart_mp,workflow_users_t,36,pendency_age,character varying,600,,,YES,,,
dmart_mp,workflow_users_t,37,ppd_tat,character varying,600,,,YES,,,
dmart_mp,workflow_users_t,38,overall_tat,character varying,600,,,YES,,,
dmart_mp,workflow_users_t,39,service_request_type,character varying,65535,,,YES,,,
ump_raw,user_master_ump,1,id_pk,bigint,,64,0,YES,,,
ump_raw,user_master_ump,2,user_id,character varying,65535,,,YES,,,
ump_raw,user_master_ump,3,user_name,character varying,65535,,,YES,,,
ump_raw,user_master_ump,4,email_id,character varying,65535,,,YES,,,
ump_raw,user_master_ump,5,mobile_number,bigint,,64,0,YES,,,
ump_raw,user_master_ump,6,user_gender,character varying,65535,,,YES,,,
ump_raw,user_master_ump,7,user_state_code,smallint,,16,0,YES,,,
ump_raw,user_master_ump,8,csc_id,character varying,65535,,,YES,,,
ump_raw,user_master_ump,9,active_status,character varying,65535,,,YES,,,
ump_raw,user_master_ump,10,user_dtl_id,bigint,,64,0,YES,,,
ump_raw,user_master_ump,11,entity_id,integer,,32,0,YES,,,
ump_raw,user_master_ump,12,entity_name,character varying,65535,,,YES,,,
ump_raw,user_master_ump,13,entity_description,character varying,65535,,,YES,,,
ump_raw,user_master_ump,14,entity_state_code,smallint,,16,0,YES,,,
ump_raw,user_master_ump,15,status,character varying,65535,,,YES,,,
ump_raw,user_master_ump,16,role_status,character varying,65535,,,YES,,,
ump_raw,user_master_ump,17,role_id,integer,,32,0,YES,,,
ump_raw,user_master_ump,18,app_id,integer,,32,0,YES,,,
ump_raw,user_master_ump,19,app_description,character varying,65535,,,YES,,,
ump_raw,user_master_ump,20,app_name,character varying,65535,,,YES,,,
ump_raw,user_master_ump,21,app_status,character varying,256,,,YES,,,
ump_raw,user_master_ump,22,role_name,character varying,65535,,,YES,,,
